timestamp,gw_ok,wan_ok,dns_ok,client_ok,client_fail,client_ok_ips,client_fail_ips,arp_5s,dhcp_5s,rx_drop_delta,tx_drop_delta,docker_running_count
2026-03-06T16:19:52+08:00,1,1,1,2,1,"192.168.100.9|192.168.100.1","192.168.100.176",3,4,3,0,6
2026-03-06T16:20:36+08:00,1,1,1,2,1,"192.168.100.9|192.168.100.1","192.168.100.176",3,4,4,0,6
2026-03-06T16:21:19+08:00,1,1,1,2,1,"192.168.100.9|192.168.100.1","192.168.100.176",5,4,3,0,6
2026-03-06T16:22:02+08:00,1,1,1,2,1,"192.168.100.9|192.168.100.1","192.168.100.176",8,2,3,0,6
2026-03-06T16:22:45+08:00,1,1,1,2,1,"192.168.100.9|192.168.100.1","192.168.100.176",11,4,4,0,6
2026-03-06T16:23:28+08:00,1,1,1,2,1,"192.168.100.9|192.168.100.1","192.168.100.176",3,2,3,0,6
2026-03-06T16:24:11+08:00,1,1,1,2,1,"192.168.100.9|192.168.100.1","192.168.100.176",3,4,3,0,6
2026-03-06T16:24:54+08:00,1,1,1,2,1,"192.168.100.9|192.168.100.1","192.168.100.176",13,2,4,0,6
2026-03-06T16:25:37+08:00,1,1,1,2,1,"192.168.100.9|192.168.100.1","192.168.100.176",7,4,4,0,6
2026-03-06T16:26:21+08:00,1,1,1,2,1,"192.168.100.9|192.168.100.1","192.168.100.176",5,2,3,0,6
2026-03-06T16:27:04+08:00,1,1,1,2,1,"192.168.100.9|192.168.100.1","192.168.100.176",7,4,3,0,6
2026-03-06T16:27:47+08:00,1,1,1,2,1,"192.168.100.9|192.168.100.1","192.168.100.176",11,4,3,0,6
2026-03-06T16:28:30+08:00,1,1,1,2,1,"192.168.100.9|192.168.100.1","192.168.100.176",4,4,3,0,6
2026-03-06T16:29:13+08:00,1,1,1,2,1,"192.168.100.9|192.168.100.1","192.168.100.176",3,3,3,0,6
2026-03-06T16:29:56+08:00,1,1,1,2,1,"192.168.100.9|192.168.100.1","192.168.100.176",12,3,5,0,6
2026-03-06T16:30:40+08:00,1,1,1,2,1,"192.168.100.9|192.168.100.1","192.168.100.176",11,4,3,0,6
2026-03-06T16:31:23+08:00,1,1,1,2,1,"192.168.100.9|192.168.100.1","192.168.100.176",5,1,3,0,6
2026-03-06T16:32:06+08:00,1,1,1,2,1,"192.168.100.9|192.168.100.1","192.168.100.176",3,4,4,0,6
2026-03-06T16:32:49+08:00,1,1,1,2,1,"192.168.100.9|192.168.100.1","192.168.100.176",4,1,3,0,6
2026-03-06T16:33:32+08:00,1,1,1,2,1,"192.168.100.9|192.168.100.1","192.168.100.176",9,4,3,0,6
2026-03-06T16:34:16+08:00,1,1,1,2,1,"192.168.100.9|192.168.100.1","192.168.100.176",3,4,4,0,6
2026-03-06T16:34:59+08:00,1,1,1,2,1,"192.168.100.9|192.168.100.1","192.168.100.176",6,4,3,0,6
2026-03-06T16:35:42+08:00,1,1,1,2,1,"192.168.100.9|192.168.100.1","192.168.100.176",12,2,3,0,6
2026-03-06T16:36:25+08:00,1,1,1,2,1,"192.168.100.9|192.168.100.1","192.168.100.176",9,4,3,0,6
2026-03-06T16:37:08+08:00,1,1,1,2,1,"192.168.100.9|192.168.100.1","192.168.100.176",4,4,4,0,6
2026-03-06T16:37:51+08:00,1,1,1,2,1,"192.168.100.9|192.168.100.1","192.168.100.176",3,3,3,0,6
2026-03-06T16:38:34+08:00,1,1,1,2,1,"192.168.100.9|192.168.100.1","192.168.100.176",3,4,3,0,6
2026-03-06T16:39:17+08:00,1,0,1,2,1,"192.168.100.9|192.168.100.1","192.168.100.176",11,3,7,0,6
2026-03-06T16:40:22+08:00,1,1,1,2,1,"192.168.100.9|192.168.100.1","192.168.100.176",5,3,4,0,6
2026-03-06T16:41:05+08:00,1,1,1,2,1,"192.168.100.9|192.168.100.1","192.168.100.176",7,4,3,0,6
2026-03-06T16:41:48+08:00,1,1,1,2,1,"192.168.100.9|192.168.100.1","192.168.100.176",8,1,3,0,6
2026-03-06T16:42:31+08:00,1,1,1,2,1,"192.168.100.9|192.168.100.1","192.168.100.176",8,4,3,0,6
2026-03-06T16:43:14+08:00,1,1,1,2,1,"192.168.100.9|192.168.100.1","192.168.100.176",5,1,3,0,6
2026-03-06T16:43:57+08:00,1,1,1,2,1,"192.168.100.9|192.168.100.1","192.168.100.176",27,4,3,0,6
2026-03-06T16:44:40+08:00,1,1,1,2,1,"192.168.100.9|192.168.100.1","192.168.100.176",25,1,5,0,6
2026-03-06T16:45:24+08:00,1,1,1,2,1,"192.168.100.9|192.168.100.1","192.168.100.176",10,4,4,0,6
2026-03-06T16:46:07+08:00,1,1,1,2,1,"192.168.100.9|192.168.100.1","192.168.100.176",3,2,3,0,6
2026-03-06T16:46:50+08:00,1,1,1,2,1,"192.168.100.9|192.168.100.1","192.168.100.176",6,4,3,0,6
2026-03-06T16:47:33+08:00,1,1,1,2,1,"192.168.100.9|192.168.100.1","192.168.100.176",10,1,4,0,6
2026-03-06T16:48:16+08:00,1,1,1,2,1,"192.168.100.9|192.168.100.1","192.168.100.176",9,4,3,0,6
2026-03-06T16:48:59+08:00,1,1,1,2,1,"192.168.100.9|192.168.100.1","192.168.100.176",6,1,3,0,6
2026-03-06T16:49:42+08:00,1,1,1,2,1,"192.168.100.9|192.168.100.1","192.168.100.176",16,4,6,0,6
2026-03-06T16:50:26+08:00,1,1,1,2,1,"192.168.100.9|192.168.100.1","192.168.100.176",6,1,3,0,6
2026-03-06T16:51:09+08:00,1,1,1,2,1,"192.168.100.9|192.168.100.1","192.168.100.176",3,4,3,0,6
2026-03-06T16:51:52+08:00,1,1,1,2,1,"192.168.100.9|192.168.100.1","192.168.100.176",4,1,3,0,6
2026-03-06T16:52:35+08:00,1,1,1,2,1,"192.168.100.9|192.168.100.1","192.168.100.176",3,4,3,0,6
2026-03-06T16:53:18+08:00,1,1,1,2,1,"192.168.100.9|192.168.100.1","192.168.100.176",3,1,3,0,6
2026-03-06T16:54:01+08:00,1,1,1,2,1,"192.168.100.9|192.168.100.1","192.168.100.176",11,4,3,0,6
2026-03-06T16:54:44+08:00,1,1,1,2,1,"192.168.100.9|192.168.100.1","192.168.100.176",9,2,4,0,6
2026-03-06T16:55:27+08:00,1,1,1,2,1,"192.168.100.9|192.168.100.1","192.168.100.176",5,4,4,0,6
2026-03-06T16:56:11+08:00,1,1,1,2,1,"192.168.100.9|192.168.100.1","192.168.100.176",9,2,3,0,6
2026-03-06T16:56:54+08:00,1,1,1,2,1,"192.168.100.9|192.168.100.1","192.168.100.176",11,4,4,0,6
2026-03-06T16:57:37+08:00,1,1,1,2,1,"192.168.100.9|192.168.100.1","192.168.100.176",1,4,3,0,6
2026-03-06T16:58:20+08:00,1,1,1,2,1,"192.168.100.9|192.168.100.1","192.168.100.176",8,4,3,0,6
2026-03-06T16:59:03+08:00,1,1,1,2,1,"192.168.100.9|192.168.100.1","192.168.100.176",14,4,3,0,6
2026-03-06T16:59:46+08:00,1,1,1,2,1,"192.168.100.9|192.168.100.1","192.168.100.176",12,1,3,0,6
2026-03-06T17:00:29+08:00,1,1,1,2,1,"192.168.100.9|192.168.100.1","192.168.100.176",3,4,5,0,6
2026-03-06T17:01:13+08:00,1,1,1,2,1,"192.168.100.9|192.168.100.1","192.168.100.176",4,2,3,0,6
2026-03-06T17:01:56+08:00,1,1,1,2,1,"192.168.100.9|192.168.100.1","192.168.100.176",11,3,4,0,6
2026-03-06T17:02:39+08:00,1,1,1,2,1,"192.168.100.9|192.168.100.1","192.168.100.176",3,4,3,0,6
2026-03-06T17:03:22+08:00,1,1,1,2,1,"192.168.100.9|192.168.100.1","192.168.100.176",5,2,3,0,6
2026-03-06T17:04:05+08:00,1,1,1,2,1,"192.168.100.9|192.168.100.1","192.168.100.176",5,4,4,0,6
2026-03-06T17:04:48+08:00,1,1,1,2,1,"192.168.100.9|192.168.100.1","192.168.100.176",10,2,3,0,6
2026-03-06T17:05:31+08:00,1,1,1,2,1,"192.168.100.9|192.168.100.1","192.168.100.176",4,4,3,0,6
2026-03-06T17:06:15+08:00,1,0,1,2,1,"192.168.100.9|192.168.100.1","192.168.100.176",3,2,4,0,6
2026-03-06T17:07:19+08:00,1,1,1,2,1,"192.168.100.9|192.168.100.1","192.168.100.176",8,1,4,0,6
2026-03-06T17:08:03+08:00,1,1,1,2,1,"192.168.100.9|192.168.100.1","192.168.100.176",13,4,3,0,6
2026-03-06T17:08:46+08:00,1,1,1,2,1,"192.168.100.9|192.168.100.1","192.168.100.176",15,4,3,0,6
2026-03-06T17:09:29+08:00,1,0,1,2,1,"192.168.100.9|192.168.100.1","192.168.100.176",1,4,4,0,6
2026-03-06T17:10:33+08:00,1,1,1,2,1,"192.168.100.9|192.168.100.1","192.168.100.176",4,4,3,0,6
2026-03-06T17:11:17+08:00,1,1,1,2,1,"192.168.100.9|192.168.100.1","192.168.100.176",3,4,5,0,6
2026-03-06T17:12:00+08:00,1,1,1,2,1,"192.168.100.9|192.168.100.1","192.168.100.176",6,4,3,0,6
2026-03-06T17:12:43+08:00,1,1,1,2,1,"192.168.100.9|192.168.100.1","192.168.100.176",12,4,3,0,6
2026-03-06T17:13:26+08:00,1,1,1,2,1,"192.168.100.9|192.168.100.1","192.168.100.176",8,3,4,0,6
2026-03-06T17:14:09+08:00,1,1,1,2,1,"192.168.100.9|192.168.100.1","192.168.100.176",17,4,3,0,6
2026-03-06T17:14:52+08:00,1,0,1,2,1,"192.168.100.9|192.168.100.1","192.168.100.176",10,3,4,0,6
2026-03-06T17:15:56+08:00,1,1,1,2,1,"192.168.100.9|192.168.100.1","192.168.100.176",13,3,3,0,6
2026-03-06T17:16:40+08:00,1,1,1,2,1,"192.168.100.9|192.168.100.1","192.168.100.176",10,4,4,0,6
2026-03-06T17:17:23+08:00,1,1,1,2,1,"192.168.100.9|192.168.100.1","192.168.100.176",8,2,3,0,6
2026-03-06T17:18:06+08:00,1,1,1,2,1,"192.168.100.9|192.168.100.1","192.168.100.176",9,4,3,0,6
2026-03-06T17:18:49+08:00,1,1,1,2,1,"192.168.100.9|192.168.100.1","192.168.100.176",8,4,3,0,6
2026-03-06T17:19:32+08:00,1,1,1,2,1,"192.168.100.9|192.168.100.1","192.168.100.176",10,1,4,0,6
2026-03-06T17:20:15+08:00,1,1,1,2,1,"192.168.100.9|192.168.100.1","192.168.100.176",6,4,3,0,6
2026-03-06T17:20:58+08:00,1,1,1,2,1,"192.168.100.9|192.168.100.1","192.168.100.176",5,2,3,0,6
2026-03-06T17:21:41+08:00,1,1,1,2,1,"192.168.100.9|192.168.100.1","192.168.100.176",7,4,6,0,6
2026-03-06T17:22:25+08:00,1,1,1,2,1,"192.168.100.9|192.168.100.1","192.168.100.176",7,4,3,0,6
2026-03-06T17:23:08+08:00,1,1,1,2,1,"192.168.100.9|192.168.100.1","192.168.100.176",4,1,3,0,6
2026-03-06T17:23:51+08:00,1,1,1,2,1,"192.168.100.9|192.168.100.1","192.168.100.176",6,4,3,0,6
2026-03-06T17:24:34+08:00,1,1,1,2,1,"192.168.100.9|192.168.100.1","192.168.100.176",6,2,3,0,6
2026-03-06T17:25:17+08:00,1,1,1,2,1,"192.168.100.9|192.168.100.1","192.168.100.176",9,4,3,0,6
2026-03-06T17:26:00+08:00,1,0,1,2,1,"192.168.100.9|192.168.100.1","192.168.100.176",9,4,4,0,6
2026-03-06T17:27:04+08:00,1,1,1,2,1,"192.168.100.9|192.168.100.1","192.168.100.176",12,4,3,0,6
2026-03-06T17:27:48+08:00,1,1,1,2,1,"192.168.100.9|192.168.100.1","192.168.100.176",13,4,5,0,6
2026-03-06T17:28:31+08:00,1,1,1,2,1,"192.168.100.9|192.168.100.1","192.168.100.176",7,4,3,0,6
2026-03-06T17:29:14+08:00,1,1,1,2,1,"192.168.100.9|192.168.100.1","192.168.100.176",3,4,3,0,6
2026-03-06T17:29:57+08:00,1,1,1,2,1,"192.168.100.9|192.168.100.1","192.168.100.176",11,2,4,0,6
2026-03-06T17:30:40+08:00,1,1,1,2,1,"192.168.100.9|192.168.100.1","192.168.100.176",6,1,3,0,6
2026-03-06T17:31:23+08:00,1,1,1,2,1,"192.168.100.9|192.168.100.1","192.168.100.176",8,4,3,0,6
2026-03-06T17:32:06+08:00,1,1,1,2,1,"192.168.100.9|192.168.100.1","192.168.100.176",5,2,4,0,6
2026-03-06T17:32:49+08:00,1,1,1,2,1,"192.168.100.9|192.168.100.1","192.168.100.176",9,4,4,0,6
2026-03-06T17:33:33+08:00,1,1,1,2,1,"192.168.100.9|192.168.100.1","192.168.100.176",3,2,3,0,6
2026-03-06T17:34:16+08:00,1,1,1,2,1,"192.168.100.9|192.168.100.1","192.168.100.176",5,4,3,0,6
2026-03-06T17:34:59+08:00,1,1,1,2,1,"192.168.100.9|192.168.100.1","192.168.100.176",5,2,3,0,6
2026-03-06T17:35:42+08:00,1,1,1,2,1,"192.168.100.9|192.168.100.1","192.168.100.176",8,4,3,0,6
2026-03-06T17:36:25+08:00,1,1,1,2,1,"192.168.100.9|192.168.100.1","192.168.100.176",6,2,3,0,6
2026-03-06T17:37:08+08:00,1,1,1,2,1,"192.168.100.9|192.168.100.1","192.168.100.176",11,4,4,0,6
2026-03-06T17:37:51+08:00,1,1,1,2,1,"192.168.100.9|192.168.100.1","192.168.100.176",9,4,3,0,6
2026-03-06T17:38:34+08:00,1,1,1,2,1,"192.168.100.9|192.168.100.1","192.168.100.176",7,3,3,0,6
2026-03-06T17:39:18+08:00,1,1,1,2,1,"192.168.100.9|192.168.100.1","192.168.100.176",8,4,4,0,6
2026-03-06T17:40:01+08:00,1,1,1,2,1,"192.168.100.9|192.168.100.1","192.168.100.176",6,3,3,0,6
2026-03-06T17:40:44+08:00,1,1,1,2,1,"192.168.100.9|192.168.100.1","192.168.100.176",7,3,3,0,6
2026-03-06T17:41:27+08:00,1,1,1,2,1,"192.168.100.9|192.168.100.1","192.168.100.176",7,4,3,0,6
2026-03-06T17:42:10+08:00,1,1,1,2,1,"192.168.100.9|192.168.100.1","192.168.100.176",3,2,3,0,6
2026-03-06T17:42:53+08:00,1,1,1,2,1,"192.168.100.9|192.168.100.1","192.168.100.176",7,4,3,0,6
2026-03-06T17:43:36+08:00,1,1,1,2,1,"192.168.100.9|192.168.100.1","192.168.100.176",3,4,3,0,6
2026-03-06T17:44:19+08:00,1,1,1,2,1,"192.168.100.9|192.168.100.1","192.168.100.176",12,3,3,0,6
2026-03-06T17:45:02+08:00,1,1,1,2,1,"192.168.100.9|192.168.100.1","192.168.100.176",10,4,3,0,6
2026-03-06T17:45:45+08:00,1,1,1,2,1,"192.168.100.9|192.168.100.1","192.168.100.176",7,3,6,0,6
2026-03-06T17:46:29+08:00,1,1,1,2,1,"192.168.100.9|192.168.100.1","192.168.100.176",5,4,4,0,6
2026-03-06T17:47:12+08:00,1,1,1,2,1,"192.168.100.9|192.168.100.1","192.168.100.176",5,1,3,0,6
2026-03-06T17:47:55+08:00,1,1,1,2,1,"192.168.100.9|192.168.100.1","192.168.100.176",13,4,3,0,6
2026-03-06T17:48:38+08:00,1,1,1,2,1,"192.168.100.9|192.168.100.1","192.168.100.176",7,1,4,0,6
2026-03-06T17:49:21+08:00,1,1,1,2,1,"192.168.100.9|192.168.100.1","192.168.100.176",6,4,3,0,6
2026-03-06T17:50:04+08:00,1,1,1,2,1,"192.168.100.9|192.168.100.1","192.168.100.176",14,4,3,0,6
2026-03-06T17:50:47+08:00,1,1,1,2,1,"192.168.100.9|192.168.100.1","192.168.100.176",13,1,3,0,6
2026-03-06T17:51:30+08:00,1,1,1,2,1,"192.168.100.9|192.168.100.1","192.168.100.176",4,4,3,0,6
2026-03-06T17:52:13+08:00,1,1,1,2,1,"192.168.100.9|192.168.100.1","192.168.100.176",4,4,3,0,6
2026-03-06T17:52:56+08:00,1,1,1,2,1,"192.168.100.9|192.168.100.1","192.168.100.176",17,3,4,0,6
2026-03-06T17:53:40+08:00,1,1,1,2,1,"192.168.100.9|192.168.100.1","192.168.100.176",6,4,4,0,6
2026-03-06T17:54:23+08:00,1,1,1,2,1,"192.168.100.9|192.168.100.1","192.168.100.176",7,1,3,0,6
2026-03-06T17:55:06+08:00,1,1,1,2,1,"192.168.100.9|192.168.100.1","192.168.100.176",11,4,3,0,6
2026-03-06T17:55:49+08:00,1,1,1,2,1,"192.168.100.9|192.168.100.1","192.168.100.176",12,1,4,0,6
2026-03-06T17:56:32+08:00,1,1,1,2,1,"192.168.100.9|192.168.100.1","192.168.100.176",2,4,3,0,6
2026-03-06T17:57:15+08:00,1,1,1,2,1,"192.168.100.9|192.168.100.1","192.168.100.176",3,1,3,0,6
2026-03-06T17:57:58+08:00,1,1,1,2,1,"192.168.100.9|192.168.100.1","192.168.100.176",7,4,4,0,6
2026-03-06T17:58:41+08:00,1,1,1,2,1,"192.168.100.9|192.168.100.1","192.168.100.176",7,4,3,0,6
2026-03-06T17:59:24+08:00,1,1,1,2,1,"192.168.100.9|192.168.100.1","192.168.100.176",5,4,3,0,6
2026-03-06T18:00:07+08:00,1,1,1,2,1,"192.168.100.9|192.168.100.1","192.168.100.176",10,1,4,0,6
2026-03-06T18:00:51+08:00,1,0,1,2,1,"192.168.100.9|192.168.100.1","192.168.100.176",5,4,5,0,6
2026-03-06T18:01:55+08:00,1,1,1,2,1,"192.168.100.9|192.168.100.1","192.168.100.176",15,4,3,0,6
2026-03-06T18:02:38+08:00,1,1,1,2,1,"192.168.100.9|192.168.100.1","192.168.100.176",1,1,3,0,6
2026-03-06T18:03:21+08:00,1,0,1,2,1,"192.168.100.9|192.168.100.1","192.168.100.176",7,3,4,0,6
2026-03-06T18:04:25+08:00,1,0,1,2,1,"192.168.100.9|192.168.100.1","192.168.100.176",9,4,4,0,6
2026-03-06T18:05:29+08:00,1,1,1,2,1,"192.168.100.9|192.168.100.1","192.168.100.176",13,1,3,0,6
2026-03-06T18:06:12+08:00,1,1,1,2,1,"192.168.100.9|192.168.100.1","192.168.100.176",4,4,4,0,6
2026-03-06T18:06:55+08:00,1,0,1,2,1,"192.168.100.9|192.168.100.1","192.168.100.176",14,3,4,0,6
2026-03-06T18:08:00+08:00,1,0,1,2,1,"192.168.100.9|192.168.100.1","192.168.100.176",4,3,4,0,6
2026-03-06T18:09:04+08:00,1,0,1,2,1,"192.168.100.9|192.168.100.1","192.168.100.176",17,4,4,0,6
2026-03-06T18:10:08+08:00,1,0,0,2,1,"192.168.100.9|192.168.100.1","192.168.100.176",13,1,47,0,6
2026-03-06T18:11:52+08:00,1,0,1,2,1,"192.168.100.9|192.168.100.1","192.168.100.176",13,3,4,0,6
2026-03-06T18:12:56+08:00,1,0,1,2,1,"192.168.100.9|192.168.100.1","192.168.100.176",9,5,26,0,6
2026-03-06T18:14:21+08:00,1,0,1,2,1,"192.168.100.9|192.168.100.1","192.168.100.176",11,4,9,0,6
2026-03-06T18:15:30+08:00,1,0,1,2,1,"192.168.100.9|192.168.100.1","192.168.100.176",8,4,4,0,6
2026-03-06T18:16:34+08:00,1,0,1,2,1,"192.168.100.9|192.168.100.1","192.168.100.176",9,4,4,0,6
2026-03-06T18:17:38+08:00,1,0,1,2,1,"192.168.100.9|192.168.100.1","192.168.100.176",14,3,16,0,6
2026-03-06T18:18:53+08:00,1,0,1,2,1,"192.168.100.9|192.168.100.1","192.168.100.176",19,1,4,0,6
2026-03-06T18:19:57+08:00,1,0,1,2,1,"192.168.100.9|192.168.100.1","192.168.100.176",15,3,4,0,6
2026-03-06T18:21:01+08:00,1,0,1,2,1,"192.168.100.9|192.168.100.1","192.168.100.176",18,2,4,0,6
2026-03-06T18:22:05+08:00,1,0,1,2,1,"192.168.100.9|192.168.100.1","192.168.100.176",9,2,9,0,6
2026-03-06T18:23:14+08:00,1,0,1,2,1,"192.168.100.9|192.168.100.1","192.168.100.176",11,4,7,0,6
2026-03-06T18:24:19+08:00,1,1,1,2,1,"192.168.100.9|192.168.100.1","192.168.100.176",9,4,3,0,6
2026-03-06T18:25:02+08:00,1,0,1,2,1,"192.168.100.9|192.168.100.1","192.168.100.176",13,4,4,0,6
2026-03-06T18:26:06+08:00,1,0,1,2,1,"192.168.100.9|192.168.100.1","192.168.100.176",11,4,4,0,6
2026-03-06T18:27:10+08:00,1,0,1,2,1,"192.168.100.9|192.168.100.1","192.168.100.176",4,4,4,0,6
2026-03-06T18:28:14+08:00,1,0,1,2,1,"192.168.100.9|192.168.100.1","192.168.100.176",9,4,4,0,6
2026-03-06T18:29:18+08:00,1,0,0,2,1,"192.168.100.9|192.168.100.1","192.168.100.176",3,4,48,0,6
2026-03-06T18:31:03+08:00,1,0,1,2,1,"192.168.100.9|192.168.100.1","192.168.100.176",7,4,4,0,6
2026-03-06T18:32:07+08:00,1,1,1,2,1,"192.168.100.9|192.168.100.1","192.168.100.176",10,3,3,0,6
2026-03-06T18:32:50+08:00,1,0,1,2,1,"192.168.100.9|192.168.100.1","192.168.100.176",14,2,4,0,6
2026-03-06T18:33:54+08:00,1,1,1,2,1,"192.168.100.9|192.168.100.1","192.168.100.176",18,4,3,0,6
2026-03-06T18:34:37+08:00,1,1,1,2,1,"192.168.100.9|192.168.100.1","192.168.100.176",8,4,3,0,6
2026-03-06T18:35:20+08:00,1,1,1,2,1,"192.168.100.9|192.168.100.1","192.168.100.176",3,4,3,0,6
2026-03-06T18:36:03+08:00,1,1,1,2,1,"192.168.100.9|192.168.100.1","192.168.100.176",5,4,4,0,6
2026-03-06T18:36:47+08:00,1,1,1,2,1,"192.168.100.9|192.168.100.1","192.168.100.176",3,4,3,0,6
2026-03-06T18:37:30+08:00,1,1,1,2,1,"192.168.100.9|192.168.100.1","192.168.100.176",5,4,3,0,6
2026-03-06T18:38:13+08:00,1,1,1,2,1,"192.168.100.9|192.168.100.1","192.168.100.176",4,4,4,0,6
2026-03-06T18:38:56+08:00,1,1,1,2,1,"192.168.100.9|192.168.100.1","192.168.100.176",11,3,3,0,6
2026-03-06T18:39:39+08:00,1,1,1,2,1,"192.168.100.9|192.168.100.1","192.168.100.176",5,4,3,0,6
2026-03-06T18:40:22+08:00,1,1,1,2,1,"192.168.100.9|192.168.100.1","192.168.100.176",3,1,4,0,6
2026-03-06T18:41:05+08:00,1,1,1,2,1,"192.168.100.9|192.168.100.1","192.168.100.176",12,4,3,0,6
2026-03-06T18:41:48+08:00,1,1,1,2,1,"192.168.100.9|192.168.100.1","192.168.100.176",3,2,3,0,6
2026-03-06T18:42:31+08:00,1,1,1,2,1,"192.168.100.9|192.168.100.1","192.168.100.176",5,4,3,0,6
2026-03-06T18:43:14+08:00,1,1,1,2,1,"192.168.100.9|192.168.100.1","192.168.100.176",6,4,4,0,6
2026-03-06T18:43:58+08:00,1,1,1,2,1,"192.168.100.9|192.168.100.1","192.168.100.176",13,3,3,0,6
2026-03-06T18:44:41+08:00,1,1,1,2,1,"192.168.100.9|192.168.100.1","192.168.100.176",8,4,3,0,6
2026-03-06T18:45:24+08:00,1,1,1,2,1,"192.168.100.9|192.168.100.1","192.168.100.176",20,3,4,0,6
2026-03-06T18:46:07+08:00,1,1,1,2,1,"192.168.100.9|192.168.100.1","192.168.100.176",9,4,3,0,6
2026-03-06T18:46:50+08:00,1,1,1,2,1,"192.168.100.9|192.168.100.1","192.168.100.176",9,3,3,0,6
2026-03-06T18:47:33+08:00,1,1,1,2,1,"192.168.100.9|192.168.100.1","192.168.100.176",9,4,4,0,6
2026-03-06T18:48:16+08:00,1,1,1,2,1,"192.168.100.9|192.168.100.1","192.168.100.176",9,3,3,0,6
2026-03-06T18:48:59+08:00,1,1,1,2,1,"192.168.100.9|192.168.100.1","192.168.100.176",5,4,3,0,6
2026-03-06T18:49:42+08:00,1,1,1,2,1,"192.168.100.9|192.168.100.1","192.168.100.176",15,1,4,0,6
2026-03-06T18:50:25+08:00,1,1,1,2,1,"192.168.100.9|192.168.100.1","192.168.100.176",7,4,3,0,6
2026-03-06T18:51:09+08:00,1,1,1,2,1,"192.168.100.9|192.168.100.1","192.168.100.176",9,1,3,0,6
2026-03-06T18:51:52+08:00,1,1,1,2,1,"192.168.100.9|192.168.100.1","192.168.100.176",9,4,3,0,6
2026-03-06T18:52:35+08:00,1,1,1,2,1,"192.168.100.9|192.168.100.1","192.168.100.176",3,1,3,0,6
2026-03-06T18:53:18+08:00,1,1,1,2,1,"192.168.100.9|192.168.100.1","192.168.100.176",7,4,3,0,6
2026-03-06T18:54:01+08:00,1,1,1,2,1,"192.168.100.9|192.168.100.1","192.168.100.176",3,1,3,0,6
2026-03-06T18:54:44+08:00,1,1,1,2,1,"192.168.100.9|192.168.100.1","192.168.100.176",10,4,4,0,6
2026-03-06T18:55:27+08:00,1,1,1,2,1,"192.168.100.9|192.168.100.1","192.168.100.176",7,2,3,0,6
2026-03-06T18:56:10+08:00,1,1,1,2,1,"192.168.100.9|192.168.100.1","192.168.100.176",7,4,3,0,6
2026-03-06T18:56:53+08:00,1,1,1,2,1,"192.168.100.9|192.168.100.1","192.168.100.176",13,4,4,0,6
2026-03-06T18:57:36+08:00,1,1,1,2,1,"192.168.100.9|192.168.100.1","192.168.100.176",4,4,3,0,6
2026-03-06T18:58:20+08:00,1,1,1,2,1,"192.168.100.9|192.168.100.1","192.168.100.176",9,4,3,0,6
2026-03-06T18:59:03+08:00,1,1,1,2,1,"192.168.100.9|192.168.100.1","192.168.100.176",7,1,3,0,6
2026-03-06T18:59:46+08:00,1,1,1,2,1,"192.168.100.9|192.168.100.1","192.168.100.176",6,4,3,0,6
2026-03-06T19:00:29+08:00,1,1,1,2,1,"192.168.100.9|192.168.100.1","192.168.100.176",3,1,3,0,6
2026-03-06T19:01:12+08:00,1,1,1,2,1,"192.168.100.9|192.168.100.1","192.168.100.176",8,4,3,0,6
2026-03-06T19:01:55+08:00,1,1,1,2,1,"192.168.100.9|192.168.100.1","192.168.100.176",18,2,3,0,6
2026-03-06T19:02:38+08:00,1,1,1,2,1,"192.168.100.9|192.168.100.1","192.168.100.176",5,4,3,0,6
2026-03-06T19:03:21+08:00,1,1,1,2,1,"192.168.100.9|192.168.100.1","192.168.100.176",1,2,3,0,6
2026-03-06T19:04:04+08:00,1,1,1,2,1,"192.168.100.9|192.168.100.1","192.168.100.176",5,4,4,0,6
2026-03-06T19:04:47+08:00,1,1,1,2,1,"192.168.100.9|192.168.100.1","192.168.100.176",2,4,4,0,6
2026-03-06T19:05:31+08:00,1,1,1,2,1,"192.168.100.9|192.168.100.1","192.168.100.176",6,4,3,0,6
2026-03-06T19:06:14+08:00,1,1,1,2,1,"192.168.100.9|192.168.100.1","192.168.100.176",7,4,4,0,6
2026-03-06T19:06:57+08:00,1,1,1,2,1,"192.168.100.9|192.168.100.1","192.168.100.176",15,4,3,0,6
2026-03-06T19:07:40+08:00,1,1,1,2,1,"192.168.100.9|192.168.100.1","192.168.100.176",3,4,3,0,6
2026-03-06T19:08:23+08:00,1,1,1,2,1,"192.168.100.9|192.168.100.1","192.168.100.176",9,3,3,0,6
2026-03-06T19:09:06+08:00,1,1,1,2,1,"192.168.100.9|192.168.100.1","192.168.100.176",3,4,3,0,6
2026-03-06T19:09:49+08:00,1,1,1,2,1,"192.168.100.9|192.168.100.1","192.168.100.176",6,1,3,0,6
2026-03-06T19:10:32+08:00,1,1,1,2,1,"192.168.100.9|192.168.100.1","192.168.100.176",9,4,3,0,6
2026-03-06T19:11:15+08:00,1,1,1,2,1,"192.168.100.9|192.168.100.1","192.168.100.176",3,2,3,0,6
2026-03-06T19:11:58+08:00,1,1,1,2,1,"192.168.100.9|192.168.100.1","192.168.100.176",3,4,6,0,6
2026-03-06T19:12:42+08:00,1,1,1,2,1,"192.168.100.9|192.168.100.1","192.168.100.176",10,4,3,0,6
2026-03-06T19:13:25+08:00,1,1,1,2,1,"192.168.100.9|192.168.100.1","192.168.100.176",8,3,4,0,6
2026-03-06T19:14:08+08:00,1,1,1,2,1,"192.168.100.9|192.168.100.1","192.168.100.176",10,4,3,0,6
2026-03-06T19:14:51+08:00,1,1,1,2,1,"192.168.100.9|192.168.100.1","192.168.100.176",21,1,3,0,6
2026-03-06T19:15:34+08:00,1,1,1,2,1,"192.168.100.9|192.168.100.1","192.168.100.176",5,4,4,0,6
2026-03-06T19:16:17+08:00,1,1,1,2,1,"192.168.100.9|192.168.100.1","192.168.100.176",5,1,3,0,6
2026-03-06T19:17:00+08:00,1,1,1,2,1,"192.168.100.9|192.168.100.1","192.168.100.176",5,4,3,0,6
2026-03-06T19:17:43+08:00,1,1,1,2,1,"192.168.100.9|192.168.100.1","192.168.100.176",12,1,3,0,6
2026-03-06T19:18:26+08:00,1,1,1,2,1,"192.168.100.9|192.168.100.1","192.168.100.176",14,4,3,0,6
2026-03-06T19:19:09+08:00,1,1,1,2,1,"192.168.100.9|192.168.100.1","192.168.100.176",11,1,5,0,6
2026-03-06T19:19:52+08:00,1,1,1,2,1,"192.168.100.9|192.168.100.1","192.168.100.176",7,4,3,0,6
2026-03-06T19:20:36+08:00,1,1,1,2,1,"192.168.100.9|192.168.100.1","192.168.100.176",5,2,4,0,6
2026-03-06T19:21:19+08:00,1,1,1,2,1,"192.168.100.9|192.168.100.1","192.168.100.176",4,4,3,0,6
2026-03-06T19:22:02+08:00,1,1,1,2,1,"192.168.100.9|192.168.100.1","192.168.100.176",6,4,3,0,6
2026-03-06T19:22:45+08:00,1,1,1,2,1,"192.168.100.9|192.168.100.1","192.168.100.176",11,4,4,0,6
2026-03-06T19:23:28+08:00,1,1,1,2,1,"192.168.100.9|192.168.100.1","192.168.100.176",5,2,3,0,6
2026-03-06T19:24:11+08:00,1,1,1,2,1,"192.168.100.9|192.168.100.1","192.168.100.176",14,4,3,0,6
2026-03-06T19:24:54+08:00,1,1,1,2,1,"192.168.100.9|192.168.100.1","192.168.100.176",18,2,4,0,6
2026-03-06T19:25:37+08:00,1,1,1,2,1,"192.168.100.9|192.168.100.1","192.168.100.176",3,4,3,0,6
2026-03-06T19:26:20+08:00,1,1,1,2,1,"192.168.100.9|192.168.100.1","192.168.100.176",5,4,3,0,6
2026-03-06T19:27:03+08:00,1,1,1,2,1,"192.168.100.9|192.168.100.1","192.168.100.176",13,3,5,0,6
2026-03-06T19:27:47+08:00,1,1,1,2,1,"192.168.100.9|192.168.100.1","192.168.100.176",1,4,3,0,6
2026-03-06T19:28:30+08:00,1,1,1,2,1,"192.168.100.9|192.168.100.1","192.168.100.176",11,1,3,0,6
2026-03-06T19:29:13+08:00,1,1,1,2,1,"192.168.100.9|192.168.100.1","192.168.100.176",7,4,3,0,6
2026-03-06T19:29:56+08:00,1,1,1,2,1,"192.168.100.9|192.168.100.1","192.168.100.176",18,1,4,0,6
2026-03-06T19:30:39+08:00,1,1,1,2,1,"192.168.100.9|192.168.100.1","192.168.100.176",3,4,3,0,6
2026-03-06T19:31:22+08:00,1,1,1,2,1,"192.168.100.9|192.168.100.1","192.168.100.176",5,3,3,0,6
2026-03-06T19:32:05+08:00,1,1,1,2,1,"192.168.100.9|192.168.100.1","192.168.100.176",5,4,4,0,6
2026-03-06T19:32:48+08:00,1,1,1,2,1,"192.168.100.9|192.168.100.1","192.168.100.176",6,2,3,0,6
2026-03-06T19:33:31+08:00,1,1,1,2,1,"192.168.100.9|192.168.100.1","192.168.100.176",9,4,3,0,6
2026-03-06T19:34:14+08:00,1,1,1,2,1,"192.168.100.9|192.168.100.1","192.168.100.176",5,2,6,0,6
2026-03-06T19:34:58+08:00,1,1,1,2,1,"192.168.100.9|192.168.100.1","192.168.100.176",19,4,3,0,6
2026-03-06T19:35:41+08:00,1,1,1,2,1,"192.168.100.9|192.168.100.1","192.168.100.176",7,2,3,0,6
2026-03-06T19:36:24+08:00,1,1,1,2,1,"192.168.100.9|192.168.100.1","192.168.100.176",4,4,3,0,6
2026-03-06T19:37:07+08:00,1,1,1,2,1,"192.168.100.9|192.168.100.1","192.168.100.176",5,2,3,0,6
2026-03-06T19:37:50+08:00,1,1,1,2,1,"192.168.100.9|192.168.100.1","192.168.100.176",3,4,3,0,6
2026-03-06T19:38:33+08:00,1,1,1,2,1,"192.168.100.9|192.168.100.1","192.168.100.176",10,4,3,0,6
2026-03-06T19:39:16+08:00,1,1,1,2,1,"192.168.100.9|192.168.100.1","192.168.100.176",1,3,4,0,6
2026-03-06T19:39:59+08:00,1,1,1,2,1,"192.168.100.9|192.168.100.1","192.168.100.176",6,4,3,0,6
2026-03-06T19:40:42+08:00,1,1,1,2,1,"192.168.100.9|192.168.100.1","192.168.100.176",6,3,3,0,6
2026-03-06T19:41:25+08:00,1,1,1,2,1,"192.168.100.9|192.168.100.1","192.168.100.176",6,4,6,0,6
2026-03-06T19:42:09+08:00,1,1,1,2,1,"192.168.100.9|192.168.100.1","192.168.100.176",10,3,3,0,6
2026-03-06T19:42:52+08:00,1,1,1,2,1,"192.168.100.9|192.168.100.1","192.168.100.176",11,4,3,0,6
2026-03-06T19:43:35+08:00,1,1,1,2,1,"192.168.100.9|192.168.100.1","192.168.100.176",8,3,4,0,6
2026-03-06T19:44:18+08:00,1,1,1,2,1,"192.168.100.9|192.168.100.1","192.168.100.176",13,4,3,0,6
2026-03-06T19:45:01+08:00,1,1,1,2,1,"192.168.100.9|192.168.100.1","192.168.100.176",5,1,3,0,6
2026-03-06T19:45:44+08:00,1,1,1,2,1,"192.168.100.9|192.168.100.1","192.168.100.176",10,4,3,0,6
2026-03-06T19:46:27+08:00,1,1,1,2,1,"192.168.100.9|192.168.100.1","192.168.100.176",9,2,3,0,6
2026-03-06T19:47:10+08:00,1,1,1,2,1,"192.168.100.9|192.168.100.1","192.168.100.176",9,4,3,0,6
2026-03-06T19:47:53+08:00,1,1,1,2,1,"192.168.100.9|192.168.100.1","192.168.100.176",7,2,3,0,6
2026-03-06T19:48:36+08:00,1,1,1,2,1,"192.168.100.9|192.168.100.1","192.168.100.176",6,4,4,0,6
2026-03-06T19:49:20+08:00,1,1,1,2,1,"192.168.100.9|192.168.100.1","192.168.100.176",1,2,4,0,6
2026-03-06T19:50:03+08:00,1,1,1,2,1,"192.168.100.9|192.168.100.1","192.168.100.176",5,4,3,0,6
2026-03-06T19:50:46+08:00,1,1,1,2,1,"192.168.100.9|192.168.100.1","192.168.100.176",3,2,4,0,6
2026-03-06T19:51:29+08:00,1,1,1,2,1,"192.168.100.9|192.168.100.1","192.168.100.176",11,4,3,0,6
2026-03-06T19:52:12+08:00,1,1,1,2,1,"192.168.100.9|192.168.100.1","192.168.100.176",9,2,3,0,6
2026-03-06T19:52:55+08:00,1,1,1,2,1,"192.168.100.9|192.168.100.1","192.168.100.176",15,4,3,0,6
2026-03-06T19:53:38+08:00,1,1,1,2,1,"192.168.100.9|192.168.100.1","192.168.100.176",5,4,3,0,6
2026-03-06T19:54:21+08:00,1,1,1,2,1,"192.168.100.9|192.168.100.1","192.168.100.176",5,3,3,0,6
2026-03-06T19:55:04+08:00,1,1,1,2,1,"192.168.100.9|192.168.100.1","192.168.100.176",6,4,3,0,6
2026-03-06T19:55:47+08:00,1,1,1,2,1,"192.168.100.9|192.168.100.1","192.168.100.176",9,1,3,0,6
2026-03-06T19:56:30+08:00,1,1,1,2,1,"192.168.100.9|192.168.100.1","192.168.100.176",4,4,6,0,6
2026-03-06T19:57:14+08:00,1,1,1,2,1,"192.168.100.9|192.168.100.1","192.168.100.176",9,2,3,0,6
2026-03-06T19:57:57+08:00,1,1,1,2,1,"192.168.100.9|192.168.100.1","192.168.100.176",20,4,4,0,6
2026-03-06T19:58:40+08:00,1,1,1,2,1,"192.168.100.9|192.168.100.1","192.168.100.176",6,4,3,0,6
2026-03-06T19:59:23+08:00,1,1,1,2,1,"192.168.100.9|192.168.100.1","192.168.100.176",3,4,3,0,6
2026-03-06T20:00:06+08:00,1,1,1,2,1,"192.168.100.9|192.168.100.1","192.168.100.176",8,4,4,0,6
2026-03-06T20:00:49+08:00,1,1,1,2,1,"192.168.100.9|192.168.100.1","192.168.100.176",3,4,3,0,6
2026-03-06T20:01:32+08:00,1,1,1,2,1,"192.168.100.9|192.168.100.1","192.168.100.176",8,4,3,0,6
2026-03-06T20:02:15+08:00,1,1,1,2,1,"192.168.100.9|192.168.100.1","192.168.100.176",6,4,3,0,6
2026-03-06T20:02:58+08:00,1,1,1,2,1,"192.168.100.9|192.168.100.1","192.168.100.176",15,4,3,0,6
2026-03-06T20:03:41+08:00,1,1,1,2,1,"192.168.100.9|192.168.100.1","192.168.100.176",10,4,3,0,6
2026-03-06T20:04:25+08:00,1,1,1,2,1,"192.168.100.9|192.168.100.1","192.168.100.176",7,4,3,0,6
2026-03-06T20:05:08+08:00,1,1,1,2,1,"192.168.100.9|192.168.100.1","192.168.100.176",5,3,4,0,6
2026-03-06T20:05:51+08:00,1,1,1,2,1,"192.168.100.9|192.168.100.1","192.168.100.176",4,4,3,0,6
2026-03-06T20:06:34+08:00,1,1,1,2,1,"192.168.100.9|192.168.100.1","192.168.100.176",5,3,3,0,6
2026-03-06T20:07:17+08:00,1,1,1,2,1,"192.168.100.9|192.168.100.1","192.168.100.176",7,4,4,0,6
2026-03-06T20:08:00+08:00,1,1,1,2,1,"192.168.100.9|192.168.100.1","192.168.100.176",8,3,3,0,6
2026-03-06T20:08:43+08:00,1,1,1,2,1,"192.168.100.9|192.168.100.1","192.168.100.176",7,4,3,0,6
2026-03-06T20:09:26+08:00,1,1,1,2,1,"192.168.100.9|192.168.100.1","192.168.100.176",9,1,4,0,6
2026-03-06T20:10:09+08:00,1,1,1,2,1,"192.168.100.9|192.168.100.1","192.168.100.176",2,4,3,0,6
2026-03-06T20:10:53+08:00,1,1,1,2,1,"192.168.100.9|192.168.100.1","192.168.100.176",3,1,4,0,6
2026-03-06T20:11:36+08:00,1,1,1,2,1,"192.168.100.9|192.168.100.1","192.168.100.176",6,4,3,0,6
2026-03-06T20:12:19+08:00,1,1,1,2,1,"192.168.100.9|192.168.100.1","192.168.100.176",4,1,3,0,6
2026-03-06T20:13:02+08:00,1,1,1,2,1,"192.168.100.9|192.168.100.1","192.168.100.176",5,4,3,0,6
2026-03-06T20:13:45+08:00,1,1,1,2,1,"192.168.100.9|192.168.100.1","192.168.100.176",7,2,3,0,6
2026-03-06T20:14:28+08:00,1,1,1,2,1,"192.168.100.9|192.168.100.1","192.168.100.176",21,4,4,0,6
2026-03-06T20:15:11+08:00,1,1,1,2,1,"192.168.100.9|192.168.100.1","192.168.100.176",11,4,3,0,6
2026-03-06T20:15:54+08:00,1,1,1,2,1,"192.168.100.9|192.168.100.1","192.168.100.176",5,4,3,0,6
2026-03-06T20:16:37+08:00,1,1,1,2,1,"192.168.100.9|192.168.100.1","192.168.100.176",9,4,4,0,6
2026-03-06T20:17:20+08:00,1,1,1,2,1,"192.168.100.9|192.168.100.1","192.168.100.176",1,3,3,0,6
2026-03-06T20:18:04+08:00,1,1,1,2,1,"192.168.100.9|192.168.100.1","192.168.100.176",8,4,3,0,6
2026-03-06T20:18:47+08:00,1,1,1,2,1,"192.168.100.9|192.168.100.1","192.168.100.176",6,1,3,0,6
2026-03-06T20:19:30+08:00,1,1,1,2,1,"192.168.100.9|192.168.100.1","192.168.100.176",3,4,3,0,6
2026-03-06T20:20:13+08:00,1,1,1,2,1,"192.168.100.9|192.168.100.1","192.168.100.176",7,3,3,0,6
2026-03-06T20:20:56+08:00,1,1,1,2,1,"192.168.100.9|192.168.100.1","192.168.100.176",17,4,3,0,6
2026-03-06T20:21:39+08:00,1,1,1,2,1,"192.168.100.9|192.168.100.1","192.168.100.176",5,1,3,0,6
2026-03-06T20:22:22+08:00,1,1,1,2,1,"192.168.100.9|192.168.100.1","192.168.100.176",7,4,3,0,6
2026-03-06T20:23:05+08:00,1,1,1,2,1,"192.168.100.9|192.168.100.1","192.168.100.176",8,2,3,0,6
2026-03-06T20:23:48+08:00,1,1,1,2,1,"192.168.100.9|192.168.100.1","192.168.100.176",4,4,4,0,6
2026-03-06T20:24:32+08:00,1,1,1,2,1,"192.168.100.9|192.168.100.1","192.168.100.176",3,4,4,0,6
2026-03-06T20:25:15+08:00,1,1,1,2,1,"192.168.100.9|192.168.100.1","192.168.100.176",13,1,3,0,6
2026-03-06T20:25:58+08:00,1,1,1,2,1,"192.168.100.9|192.168.100.1","192.168.100.176",22,4,4,0,6
2026-03-06T20:26:41+08:00,1,1,1,2,1,"192.168.100.9|192.168.100.1","192.168.100.176",3,1,3,0,6
2026-03-06T20:27:24+08:00,1,1,1,2,1,"192.168.100.9|192.168.100.1","192.168.100.176",5,4,3,0,6
2026-03-06T20:28:07+08:00,1,1,1,2,1,"192.168.100.9|192.168.100.1","192.168.100.176",3,3,3,0,6
2026-03-06T20:28:50+08:00,1,1,1,2,1,"192.168.100.9|192.168.100.1","192.168.100.176",3,4,3,0,6
2026-03-06T20:29:33+08:00,1,1,1,2,1,"192.168.100.9|192.168.100.1","192.168.100.176",5,1,3,0,6
2026-03-06T20:30:16+08:00,1,1,1,2,1,"192.168.100.9|192.168.100.1","192.168.100.176",7,4,3,0,6
2026-03-06T20:31:00+08:00,1,1,1,2,1,"192.168.100.9|192.168.100.1","192.168.100.176",9,1,5,0,6
2026-03-06T20:31:43+08:00,1,1,1,2,1,"192.168.100.9|192.168.100.1","192.168.100.176",10,4,3,0,6
2026-03-06T20:32:26+08:00,1,1,1,2,1,"192.168.100.9|192.168.100.1","192.168.100.176",7,1,3,0,6
2026-03-06T20:33:09+08:00,1,1,1,2,1,"192.168.100.9|192.168.100.1","192.168.100.176",7,4,4,0,6
2026-03-06T20:33:52+08:00,1,1,1,2,1,"192.168.100.9|192.168.100.1","192.168.100.176",4,1,3,0,6
2026-03-06T20:34:35+08:00,1,1,1,2,1,"192.168.100.9|192.168.100.1","192.168.100.176",8,4,3,0,6
2026-03-06T20:35:18+08:00,1,1,1,2,1,"192.168.100.9|192.168.100.1","192.168.100.176",4,2,4,0,6
2026-03-06T20:36:01+08:00,1,1,1,2,1,"192.168.100.9|192.168.100.1","192.168.100.176",8,4,3,0,6
2026-03-06T20:36:44+08:00,1,1,1,2,1,"192.168.100.9|192.168.100.1","192.168.100.176",9,2,3,0,6
2026-03-06T20:37:27+08:00,1,1,1,2,1,"192.168.100.9|192.168.100.1","192.168.100.176",8,4,3,0,6
2026-03-06T20:38:10+08:00,1,1,1,2,1,"192.168.100.9|192.168.100.1","192.168.100.176",3,2,5,0,6
2026-03-06T20:38:54+08:00,1,1,1,2,1,"192.168.100.9|192.168.100.1","192.168.100.176",6,4,3,0,6
2026-03-06T20:39:37+08:00,1,1,1,2,1,"192.168.100.9|192.168.100.1","192.168.100.176",6,4,3,0,6
2026-03-06T20:40:20+08:00,1,1,1,2,1,"192.168.100.9|192.168.100.1","192.168.100.176",3,3,4,0,6
2026-03-06T20:41:03+08:00,1,1,1,2,1,"192.168.100.9|192.168.100.1","192.168.100.176",5,4,3,0,6
2026-03-06T20:41:46+08:00,1,1,1,2,1,"192.168.100.9|192.168.100.1","192.168.100.176",9,4,3,0,6
2026-03-06T20:42:29+08:00,1,1,1,2,1,"192.168.100.9|192.168.100.1","192.168.100.176",6,4,4,0,6
2026-03-06T20:43:12+08:00,1,1,1,2,1,"192.168.100.9|192.168.100.1","192.168.100.176",3,4,3,0,6
2026-03-06T20:43:55+08:00,1,1,1,2,1,"192.168.100.9|192.168.100.1","192.168.100.176",10,4,3,0,6
2026-03-06T20:44:38+08:00,1,1,1,2,1,"192.168.100.9|192.168.100.1","192.168.100.176",18,4,4,0,6
2026-03-06T20:45:21+08:00,1,1,1,2,1,"192.168.100.9|192.168.100.1","192.168.100.176",5,4,3,0,6
2026-03-06T20:46:05+08:00,1,1,1,2,1,"192.168.100.9|192.168.100.1","192.168.100.176",7,1,4,0,6
2026-03-06T20:46:48+08:00,1,1,1,2,1,"192.168.100.9|192.168.100.1","192.168.100.176",5,4,3,0,6
2026-03-06T20:47:31+08:00,1,1,1,2,1,"192.168.100.9|192.168.100.1","192.168.100.176",2,2,3,0,6
2026-03-06T20:48:14+08:00,1,1,1,2,1,"192.168.100.9|192.168.100.1","192.168.100.176",11,4,3,0,6
2026-03-06T20:48:57+08:00,1,1,1,2,1,"192.168.100.9|192.168.100.1","192.168.100.176",13,4,3,0,6
2026-03-06T20:49:40+08:00,1,1,1,2,1,"192.168.100.9|192.168.100.1","192.168.100.176",3,3,4,0,6
2026-03-06T20:50:23+08:00,1,1,1,2,1,"192.168.100.9|192.168.100.1","192.168.100.176",3,4,3,0,6
2026-03-06T20:51:06+08:00,1,1,1,2,1,"192.168.100.9|192.168.100.1","192.168.100.176",6,3,3,0,6
2026-03-06T20:51:49+08:00,1,1,1,2,1,"192.168.100.9|192.168.100.1","192.168.100.176",1,4,4,0,6
2026-03-06T20:52:32+08:00,1,1,1,2,1,"192.168.100.9|192.168.100.1","192.168.100.176",11,1,3,0,6
2026-03-06T20:53:15+08:00,1,1,1,2,1,"192.168.100.9|192.168.100.1","192.168.100.176",9,4,4,0,6
2026-03-06T20:53:59+08:00,1,1,1,2,1,"192.168.100.9|192.168.100.1","192.168.100.176",15,1,3,0,6
2026-03-06T20:54:42+08:00,1,1,1,2,1,"192.168.100.9|192.168.100.1","192.168.100.176",7,4,3,0,6
2026-03-06T20:55:25+08:00,1,1,1,2,1,"192.168.100.9|192.168.100.1","192.168.100.176",8,1,3,0,6
2026-03-06T20:56:08+08:00,1,1,1,2,1,"192.168.100.9|192.168.100.1","192.168.100.176",3,4,3,0,6
2026-03-06T20:56:51+08:00,1,1,1,2,1,"192.168.100.9|192.168.100.1","192.168.100.176",3,2,3,0,6
2026-03-06T20:57:34+08:00,1,1,1,2,1,"192.168.100.9|192.168.100.1","192.168.100.176",4,4,3,0,6
2026-03-06T20:58:17+08:00,1,1,1,2,1,"192.168.100.9|192.168.100.1","192.168.100.176",9,4,3,0,6
2026-03-06T20:59:00+08:00,1,1,1,2,1,"192.168.100.9|192.168.100.1","192.168.100.176",13,3,4,0,6
2026-03-06T20:59:43+08:00,1,1,1,2,1,"192.168.100.9|192.168.100.1","192.168.100.176",10,4,3,0,6
2026-03-06T21:00:26+08:00,1,1,1,2,1,"192.168.100.9|192.168.100.1","192.168.100.176",5,3,5,0,6
2026-03-06T21:01:10+08:00,1,1,1,2,1,"192.168.100.9|192.168.100.1","192.168.100.176",3,4,4,0,6
2026-03-06T21:01:53+08:00,1,1,1,2,1,"192.168.100.9|192.168.100.1","192.168.100.176",10,1,3,0,6
2026-03-06T21:02:36+08:00,1,1,1,2,1,"192.168.100.9|192.168.100.1","192.168.100.176",5,4,3,0,6
2026-03-06T21:03:19+08:00,1,1,1,2,1,"192.168.100.9|192.168.100.1","192.168.100.176",5,1,3,0,6
2026-03-06T21:04:02+08:00,1,1,1,2,1,"192.168.100.9|192.168.100.1","192.168.100.176",10,4,3,0,6
2026-03-06T21:04:45+08:00,1,1,1,2,1,"192.168.100.9|192.168.100.1","192.168.100.176",6,1,3,0,6
2026-03-06T21:05:28+08:00,1,1,1,2,1,"192.168.100.9|192.168.100.1","192.168.100.176",6,4,3,0,6
2026-03-06T21:06:11+08:00,1,1,1,2,1,"192.168.100.9|192.168.100.1","192.168.100.176",10,1,3,0,6
2026-03-06T21:06:54+08:00,1,1,1,2,1,"192.168.100.9|192.168.100.1","192.168.100.176",4,4,6,0,6
2026-03-06T21:07:38+08:00,1,1,1,2,1,"192.168.100.9|192.168.100.1","192.168.100.176",1,1,3,0,6
2026-03-06T21:08:21+08:00,1,1,1,2,1,"192.168.100.9|192.168.100.1","192.168.100.176",3,4,4,0,6
2026-03-06T21:09:04+08:00,1,1,1,2,1,"192.168.100.9|192.168.100.1","192.168.100.176",7,2,3,0,6
2026-03-06T21:09:47+08:00,1,1,1,2,1,"192.168.100.9|192.168.100.1","192.168.100.176",5,4,3,0,6
2026-03-06T21:10:30+08:00,1,1,1,2,1,"192.168.100.9|192.168.100.1","192.168.100.176",5,2,4,0,6
2026-03-06T21:11:13+08:00,1,1,1,2,1,"192.168.100.9|192.168.100.1","192.168.100.176",3,4,3,0,6
2026-03-06T21:11:56+08:00,1,1,1,2,1,"192.168.100.9|192.168.100.1","192.168.100.176",11,1,3,0,6
2026-03-06T21:12:39+08:00,1,1,1,2,1,"192.168.100.9|192.168.100.1","192.168.100.176",3,4,3,0,6
2026-03-06T21:13:22+08:00,1,1,1,2,1,"192.168.100.9|192.168.100.1","192.168.100.176",2,1,3,0,6
2026-03-06T21:14:05+08:00,1,1,1,2,1,"192.168.100.9|192.168.100.1","192.168.100.176",17,4,3,0,6
2026-03-06T21:14:49+08:00,1,1,1,2,1,"192.168.100.9|192.168.100.1","192.168.100.176",8,2,3,0,6
2026-03-06T21:15:32+08:00,1,1,1,2,1,"192.168.100.9|192.168.100.1","192.168.100.176",9,4,4,0,6
2026-03-06T21:16:15+08:00,1,1,1,2,1,"192.168.100.9|192.168.100.1","192.168.100.176",8,2,3,0,6
2026-03-06T21:16:58+08:00,1,1,1,2,1,"192.168.100.9|192.168.100.1","192.168.100.176",16,4,3,0,6
2026-03-06T21:17:41+08:00,1,1,1,2,1,"192.168.100.9|192.168.100.1","192.168.100.176",7,3,4,0,6
2026-03-06T21:18:24+08:00,1,1,1,2,1,"192.168.100.9|192.168.100.1","192.168.100.176",8,4,3,0,6
2026-03-06T21:19:07+08:00,1,1,1,2,1,"192.168.100.9|192.168.100.1","192.168.100.176",4,4,3,0,6
2026-03-06T21:19:50+08:00,1,1,1,2,1,"192.168.100.9|192.168.100.1","192.168.100.176",8,3,4,0,6
2026-03-06T21:20:33+08:00,1,1,1,2,1,"192.168.100.9|192.168.100.1","192.168.100.176",4,4,3,0,6
2026-03-06T21:21:16+08:00,1,1,1,2,1,"192.168.100.9|192.168.100.1","192.168.100.176",9,4,3,0,6
2026-03-06T21:21:59+08:00,1,1,1,2,1,"192.168.100.9|192.168.100.1","192.168.100.176",10,1,5,0,6
2026-03-06T21:22:43+08:00,1,1,1,2,1,"192.168.100.9|192.168.100.1","192.168.100.176",12,4,3,0,6
2026-03-06T21:23:26+08:00,1,1,1,2,1,"192.168.100.9|192.168.100.1","192.168.100.176",6,1,3,0,6
2026-03-06T21:24:09+08:00,1,1,1,2,1,"192.168.100.9|192.168.100.1","192.168.100.176",3,4,3,0,6
2026-03-06T21:24:52+08:00,1,1,1,2,1,"192.168.100.9|192.168.100.1","192.168.100.176",5,4,4,0,6
2026-03-06T21:25:35+08:00,1,1,1,2,1,"192.168.100.9|192.168.100.1","192.168.100.176",6,4,3,0,6
2026-03-06T21:26:18+08:00,1,1,1,2,1,"192.168.100.9|192.168.100.1","192.168.100.176",9,4,3,0,6
2026-03-06T21:27:01+08:00,1,1,1,2,1,"192.168.100.9|192.168.100.1","192.168.100.176",17,4,4,0,6
2026-03-06T21:27:44+08:00,1,1,1,2,1,"192.168.100.9|192.168.100.1","192.168.100.176",9,4,3,0,6
2026-03-06T21:28:27+08:00,1,1,1,2,1,"192.168.100.9|192.168.100.1","192.168.100.176",5,3,3,0,6
2026-03-06T21:29:10+08:00,1,1,1,2,1,"192.168.100.9|192.168.100.1","192.168.100.176",7,4,4,0,6
2026-03-06T21:29:53+08:00,1,1,1,2,1,"192.168.100.9|192.168.100.1","192.168.100.176",4,4,5,0,6
2026-03-06T21:30:37+08:00,1,1,1,2,1,"192.168.100.9|192.168.100.1","192.168.100.176",6,4,3,0,6
2026-03-06T21:31:20+08:00,1,1,1,2,1,"192.168.100.9|192.168.100.1","192.168.100.176",13,3,3,0,6
2026-03-06T21:32:03+08:00,1,1,1,2,1,"192.168.100.9|192.168.100.1","192.168.100.176",10,4,3,0,6
2026-03-06T21:32:46+08:00,1,1,1,2,1,"192.168.100.9|192.168.100.1","192.168.100.176",7,3,3,0,6
2026-03-06T21:33:29+08:00,1,1,1,2,1,"192.168.100.9|192.168.100.1","192.168.100.176",10,4,3,0,6
2026-03-06T21:34:12+08:00,1,1,1,2,1,"192.168.100.9|192.168.100.1","192.168.100.176",3,1,4,0,6
2026-03-06T21:34:55+08:00,1,1,1,2,1,"192.168.100.9|192.168.100.1","192.168.100.176",11,4,3,0,6
2026-03-06T21:35:38+08:00,1,1,1,2,1,"192.168.100.9|192.168.100.1","192.168.100.176",9,1,3,0,6
2026-03-06T21:36:21+08:00,1,1,1,2,1,"192.168.100.9|192.168.100.1","192.168.100.176",4,4,4,0,6
2026-03-06T21:37:04+08:00,1,1,1,2,1,"192.168.100.9|192.168.100.1","192.168.100.176",7,1,5,0,6
2026-03-06T21:37:48+08:00,1,1,1,2,1,"192.168.100.9|192.168.100.1","192.168.100.176",3,4,3,0,6
2026-03-06T21:38:31+08:00,1,1,1,2,1,"192.168.100.9|192.168.100.1","192.168.100.176",3,4,3,0,6
2026-03-06T21:39:14+08:00,1,1,1,2,1,"192.168.100.9|192.168.100.1","192.168.100.176",7,4,3,0,6
2026-03-06T21:39:57+08:00,1,1,1,2,1,"192.168.100.9|192.168.100.1","192.168.100.176",15,4,3,0,6
2026-03-06T21:40:40+08:00,1,1,1,2,1,"192.168.100.9|192.168.100.1","192.168.100.176",3,3,3,0,6
2026-03-06T21:41:23+08:00,1,1,1,2,1,"192.168.100.9|192.168.100.1","192.168.100.176",5,4,3,0,6
2026-03-06T21:42:06+08:00,1,1,1,2,1,"192.168.100.9|192.168.100.1","192.168.100.176",5,3,3,0,6
2026-03-06T21:42:49+08:00,1,1,1,2,1,"192.168.100.9|192.168.100.1","192.168.100.176",8,4,3,0,6
2026-03-06T21:43:32+08:00,1,1,1,2,1,"192.168.100.9|192.168.100.1","192.168.100.176",3,4,4,0,6
2026-03-06T21:44:16+08:00,1,1,1,2,1,"192.168.100.9|192.168.100.1","192.168.100.176",3,4,3,0,6
2026-03-06T21:44:59+08:00,1,1,1,2,1,"192.168.100.9|192.168.100.1","192.168.100.176",31,3,3,0,6
2026-03-06T21:45:42+08:00,1,1,1,2,1,"192.168.100.9|192.168.100.1","192.168.100.176",14,4,4,0,6
2026-03-06T21:46:25+08:00,1,1,1,2,1,"192.168.100.9|192.168.100.1","192.168.100.176",7,3,3,0,6
2026-03-06T21:47:08+08:00,1,1,1,2,1,"192.168.100.9|192.168.100.1","192.168.100.176",6,4,3,0,6
2026-03-06T21:47:51+08:00,1,1,1,2,1,"192.168.100.9|192.168.100.1","192.168.100.176",7,3,3,0,6
2026-03-06T21:48:34+08:00,1,1,1,2,1,"192.168.100.9|192.168.100.1","192.168.100.176",2,4,3,0,6
2026-03-06T21:49:17+08:00,1,1,1,2,1,"192.168.100.9|192.168.100.1","192.168.100.176",9,1,3,0,6
2026-03-06T21:50:00+08:00,1,1,1,2,1,"192.168.100.9|192.168.100.1","192.168.100.176",9,4,3,0,6
2026-03-06T21:50:43+08:00,1,1,1,2,1,"192.168.100.9|192.168.100.1","192.168.100.176",9,3,3,0,6
2026-03-06T21:51:26+08:00,1,1,1,2,1,"192.168.100.9|192.168.100.1","192.168.100.176",5,4,6,0,6
2026-03-06T21:52:10+08:00,1,1,1,2,1,"192.168.100.9|192.168.100.1","192.168.100.176",5,3,3,0,6
2026-03-06T21:52:53+08:00,1,1,1,2,1,"192.168.100.9|192.168.100.1","192.168.100.176",3,4,4,0,6
2026-03-06T21:53:36+08:00,1,1,1,2,1,"192.168.100.9|192.168.100.1","192.168.100.176",5,1,3,0,6
2026-03-06T21:54:19+08:00,1,1,1,2,1,"192.168.100.9|192.168.100.1","192.168.100.176",9,4,3,0,6
2026-03-06T21:55:02+08:00,1,1,1,2,1,"192.168.100.9|192.168.100.1","192.168.100.176",12,1,4,0,6
2026-03-06T21:55:45+08:00,1,1,1,2,1,"192.168.100.9|192.168.100.1","192.168.100.176",9,4,3,0,6
2026-03-06T21:56:28+08:00,1,1,1,2,1,"192.168.100.9|192.168.100.1","192.168.100.176",10,1,3,0,6
2026-03-06T21:57:11+08:00,1,1,1,2,1,"192.168.100.9|192.168.100.1","192.168.100.176",3,4,3,0,6
2026-03-06T21:57:54+08:00,1,1,1,2,1,"192.168.100.9|192.168.100.1","192.168.100.176",5,2,3,0,6
2026-03-06T21:58:37+08:00,1,1,1,2,1,"192.168.100.9|192.168.100.1","192.168.100.176",7,4,3,0,6
2026-03-06T21:59:20+08:00,1,1,1,2,1,"192.168.100.9|192.168.100.1","192.168.100.176",6,2,4,0,6
2026-03-06T22:00:04+08:00,1,1,1,2,1,"192.168.100.9|192.168.100.1","192.168.100.176",18,4,4,0,6
2026-03-06T22:00:47+08:00,1,1,1,2,1,"192.168.100.9|192.168.100.1","192.168.100.176",7,2,3,0,6
2026-03-06T22:01:30+08:00,1,1,1,2,1,"192.168.100.9|192.168.100.1","192.168.100.176",3,4,3,0,6
2026-03-06T22:02:13+08:00,1,1,1,2,1,"192.168.100.9|192.168.100.1","192.168.100.176",5,2,4,0,6
2026-03-06T22:02:56+08:00,1,1,1,2,1,"192.168.100.9|192.168.100.1","192.168.100.176",13,4,3,0,6
2026-03-06T22:03:39+08:00,1,1,1,2,1,"192.168.100.9|192.168.100.1","192.168.100.176",8,2,3,0,6
2026-03-06T22:04:22+08:00,1,1,1,2,1,"192.168.100.9|192.168.100.1","192.168.100.176",9,4,4,0,6
2026-03-06T22:05:05+08:00,1,1,1,2,1,"192.168.100.9|192.168.100.1","192.168.100.176",11,4,3,0,6
2026-03-06T22:05:48+08:00,1,1,1,2,1,"192.168.100.9|192.168.100.1","192.168.100.176",5,4,3,0,6
2026-03-06T22:06:31+08:00,1,1,1,2,1,"192.168.100.9|192.168.100.1","192.168.100.176",5,4,5,0,6
2026-03-06T22:07:15+08:00,1,1,1,2,1,"192.168.100.9|192.168.100.1","192.168.100.176",5,1,3,0,6
2026-03-06T22:07:58+08:00,1,1,1,2,1,"192.168.100.9|192.168.100.1","192.168.100.176",12,1,3,0,6
2026-03-06T22:08:41+08:00,1,1,1,2,1,"192.168.100.9|192.168.100.1","192.168.100.176",7,4,3,0,6
2026-03-06T22:09:24+08:00,1,1,1,2,1,"192.168.100.9|192.168.100.1","192.168.100.176",3,1,4,0,6
2026-03-06T22:10:07+08:00,1,1,1,2,1,"192.168.100.9|192.168.100.1","192.168.100.176",10,4,3,0,6
2026-03-06T22:10:50+08:00,1,1,1,2,1,"192.168.100.9|192.168.100.1","192.168.100.176",4,1,3,0,6
2026-03-06T22:11:33+08:00,1,1,1,2,1,"192.168.100.9|192.168.100.1","192.168.100.176",8,4,4,0,6
2026-03-06T22:12:16+08:00,1,1,1,2,1,"192.168.100.9|192.168.100.1","192.168.100.176",9,1,3,0,6
2026-03-06T22:12:59+08:00,1,1,1,2,1,"192.168.100.9|192.168.100.1","192.168.100.176",13,4,3,0,6
2026-03-06T22:13:42+08:00,1,1,1,2,1,"192.168.100.9|192.168.100.1","192.168.100.176",7,1,6,0,6
2026-03-06T22:14:26+08:00,1,1,1,2,1,"192.168.100.9|192.168.100.1","192.168.100.176",25,4,3,0,6
2026-03-06T22:15:09+08:00,1,1,1,2,1,"192.168.100.9|192.168.100.1","192.168.100.176",18,2,3,0,6
2026-03-06T22:15:52+08:00,1,1,1,2,1,"192.168.100.9|192.168.100.1","192.168.100.176",4,4,3,0,6
2026-03-06T22:16:35+08:00,1,1,1,2,1,"192.168.100.9|192.168.100.1","192.168.100.176",11,2,3,0,6
2026-03-06T22:17:18+08:00,1,1,1,2,1,"192.168.100.9|192.168.100.1","192.168.100.176",9,4,3,0,6
2026-03-06T22:18:01+08:00,1,1,1,2,1,"192.168.100.9|192.168.100.1","192.168.100.176",4,2,3,0,6
2026-03-06T22:18:44+08:00,1,1,1,2,1,"192.168.100.9|192.168.100.1","192.168.100.176",7,4,4,0,6
2026-03-06T22:19:27+08:00,1,1,1,2,1,"192.168.100.9|192.168.100.1","192.168.100.176",8,4,3,0,6
2026-03-06T22:20:10+08:00,1,1,1,2,1,"192.168.100.9|192.168.100.1","192.168.100.176",7,4,3,0,6
2026-03-06T22:20:53+08:00,1,1,1,2,1,"192.168.100.9|192.168.100.1","192.168.100.176",5,4,6,0,6
2026-03-06T22:21:37+08:00,1,1,1,2,1,"192.168.100.9|192.168.100.1","192.168.100.176",4,3,3,0,6
2026-03-06T22:22:20+08:00,1,1,1,2,1,"192.168.100.9|192.168.100.1","192.168.100.176",11,4,3,0,6
2026-03-06T22:23:03+08:00,1,1,1,2,1,"192.168.100.9|192.168.100.1","192.168.100.176",9,1,3,0,6
2026-03-06T22:23:46+08:00,1,1,1,2,1,"192.168.100.9|192.168.100.1","192.168.100.176",8,4,3,0,6
2026-03-06T22:24:29+08:00,1,1,1,2,1,"192.168.100.9|192.168.100.1","192.168.100.176",9,1,3,0,6
2026-03-06T22:25:12+08:00,1,1,1,2,1,"192.168.100.9|192.168.100.1","192.168.100.176",3,4,3,0,6
2026-03-06T22:25:55+08:00,1,1,1,2,1,"192.168.100.9|192.168.100.1","192.168.100.176",6,2,3,0,6
2026-03-06T22:26:38+08:00,1,1,1,2,1,"192.168.100.9|192.168.100.1","192.168.100.176",7,3,3,0,6
2026-03-06T22:27:21+08:00,1,1,1,2,1,"192.168.100.9|192.168.100.1","192.168.100.176",9,4,3,0,6
2026-03-06T22:28:04+08:00,1,1,1,2,1,"192.168.100.9|192.168.100.1","192.168.100.176",13,1,4,0,6
2026-03-06T22:28:47+08:00,1,1,1,2,1,"192.168.100.9|192.168.100.1","192.168.100.176",4,4,5,0,6
2026-03-06T22:29:31+08:00,1,1,1,2,1,"192.168.100.9|192.168.100.1","192.168.100.176",7,1,3,0,6
2026-03-06T22:30:14+08:00,1,1,1,2,1,"192.168.100.9|192.168.100.1","192.168.100.176",5,4,4,0,6
2026-03-06T22:30:57+08:00,1,1,1,2,1,"192.168.100.9|192.168.100.1","192.168.100.176",12,4,3,0,6
2026-03-06T22:31:40+08:00,1,1,1,2,1,"192.168.100.9|192.168.100.1","192.168.100.176",6,3,3,0,6
2026-03-06T22:32:23+08:00,1,1,1,2,1,"192.168.100.9|192.168.100.1","192.168.100.176",7,4,3,0,6
2026-03-06T22:33:06+08:00,1,1,1,2,1,"192.168.100.9|192.168.100.1","192.168.100.176",21,1,3,0,6
2026-03-06T22:33:49+08:00,1,1,1,2,1,"192.168.100.9|192.168.100.1","192.168.100.176",4,4,3,0,6
2026-03-06T22:34:32+08:00,1,1,1,2,1,"192.168.100.9|192.168.100.1","192.168.100.176",5,3,3,0,6
2026-03-06T22:35:15+08:00,1,1,1,2,1,"192.168.100.9|192.168.100.1","192.168.100.176",3,4,3,0,6
2026-03-06T22:35:58+08:00,1,1,1,2,1,"192.168.100.9|192.168.100.1","192.168.100.176",13,1,6,0,6
2026-03-06T22:36:42+08:00,1,1,1,2,1,"192.168.100.9|192.168.100.1","192.168.100.176",8,4,3,0,6
2026-03-06T22:37:25+08:00,1,1,1,2,1,"192.168.100.9|192.168.100.1","192.168.100.176",10,1,4,0,6
2026-03-06T22:38:08+08:00,1,1,1,2,1,"192.168.100.9|192.168.100.1","192.168.100.176",7,4,3,0,6
2026-03-06T22:38:51+08:00,1,1,1,2,1,"192.168.100.9|192.168.100.1","192.168.100.176",6,2,3,0,6
2026-03-06T22:39:34+08:00,1,1,1,2,1,"192.168.100.9|192.168.100.1","192.168.100.176",5,4,4,0,6
2026-03-06T22:40:17+08:00,1,1,1,2,1,"192.168.100.9|192.168.100.1","192.168.100.176",3,4,3,0,6
2026-03-06T22:41:00+08:00,1,1,1,2,1,"192.168.100.9|192.168.100.1","192.168.100.176",5,4,3,0,6
2026-03-06T22:41:43+08:00,1,1,1,2,1,"192.168.100.9|192.168.100.1","192.168.100.176",8,2,3,0,6
2026-03-06T22:42:26+08:00,1,1,1,2,1,"192.168.100.9|192.168.100.1","192.168.100.176",7,4,3,0,6
2026-03-06T22:43:09+08:00,1,1,1,2,1,"192.168.100.9|192.168.100.1","192.168.100.176",5,4,3,0,6
2026-03-06T22:43:53+08:00,1,1,1,2,1,"192.168.100.9|192.168.100.1","192.168.100.176",9,4,4,0,6
2026-03-06T22:44:36+08:00,1,1,1,2,1,"192.168.100.9|192.168.100.1","192.168.100.176",13,4,4,0,6
2026-03-06T22:45:19+08:00,1,1,1,2,1,"192.168.100.9|192.168.100.1","192.168.100.176",4,3,3,0,6
2026-03-06T22:46:02+08:00,1,1,1,2,1,"192.168.100.9|192.168.100.1","192.168.100.176",4,4,3,0,6
2026-03-06T22:46:45+08:00,1,1,1,2,1,"192.168.100.9|192.168.100.1","192.168.100.176",7,1,4,0,6
2026-03-06T22:47:28+08:00,1,1,1,2,1,"192.168.100.9|192.168.100.1","192.168.100.176",9,4,3,0,6
2026-03-06T22:48:11+08:00,1,1,1,2,1,"192.168.100.9|192.168.100.1","192.168.100.176",4,1,3,0,6
2026-03-06T22:48:54+08:00,1,1,1,2,1,"192.168.100.9|192.168.100.1","192.168.100.176",3,4,4,0,6
2026-03-06T22:49:37+08:00,1,1,1,2,1,"192.168.100.9|192.168.100.1","192.168.100.176",5,1,3,0,6
2026-03-06T22:50:20+08:00,1,1,1,2,1,"192.168.100.9|192.168.100.1","192.168.100.176",7,4,3,0,6
2026-03-06T22:51:03+08:00,1,1,1,2,1,"192.168.100.9|192.168.100.1","192.168.100.176",8,1,5,0,6
2026-03-06T22:51:47+08:00,1,1,1,2,1,"192.168.100.9|192.168.100.1","192.168.100.176",5,4,3,0,6
2026-03-06T22:52:30+08:00,1,1,1,2,1,"192.168.100.9|192.168.100.1","192.168.100.176",6,1,3,0,6
2026-03-06T22:53:13+08:00,1,1,1,2,1,"192.168.100.9|192.168.100.1","192.168.100.176",6,4,3,0,6
2026-03-06T22:53:56+08:00,1,1,1,2,1,"192.168.100.9|192.168.100.1","192.168.100.176",15,1,4,0,6
2026-03-06T22:54:39+08:00,1,1,1,2,1,"192.168.100.9|192.168.100.1","192.168.100.176",5,4,3,0,6
2026-03-06T22:55:22+08:00,1,1,1,2,1,"192.168.100.9|192.168.100.1","192.168.100.176",16,2,3,0,6
2026-03-06T22:56:05+08:00,1,1,1,2,1,"192.168.100.9|192.168.100.1","192.168.100.176",10,4,4,0,6
2026-03-06T22:56:48+08:00,1,1,1,2,1,"192.168.100.9|192.168.100.1","192.168.100.176",3,4,3,0,6
2026-03-06T22:57:31+08:00,1,1,1,2,1,"192.168.100.9|192.168.100.1","192.168.100.176",7,3,3,0,6
2026-03-06T22:58:14+08:00,1,1,1,2,1,"192.168.100.9|192.168.100.1","192.168.100.176",8,4,4,0,6
2026-03-06T22:58:58+08:00,1,1,1,2,1,"192.168.100.9|192.168.100.1","192.168.100.176",9,1,3,0,6
2026-03-06T22:59:41+08:00,1,1,1,2,1,"192.168.100.9|192.168.100.1","192.168.100.176",5,4,3,0,6
2026-03-06T23:00:24+08:00,1,1,1,2,1,"192.168.100.9|192.168.100.1","192.168.100.176",8,2,3,0,6
2026-03-06T23:01:07+08:00,1,1,1,2,1,"192.168.100.9|192.168.100.1","192.168.100.176",14,3,3,0,6
2026-03-06T23:01:50+08:00,1,1,1,2,1,"192.168.100.9|192.168.100.1","192.168.100.176",3,4,3,0,6
2026-03-06T23:02:33+08:00,1,1,1,2,1,"192.168.100.9|192.168.100.1","192.168.100.176",3,1,3,0,6
2026-03-06T23:03:16+08:00,1,1,1,2,1,"192.168.100.9|192.168.100.1","192.168.100.176",1,4,4,0,6
2026-03-06T23:03:59+08:00,1,1,1,2,1,"192.168.100.9|192.168.100.1","192.168.100.176",11,1,3,0,6
2026-03-06T23:04:42+08:00,1,1,1,2,1,"192.168.100.9|192.168.100.1","192.168.100.176",8,4,3,0,6
2026-03-06T23:05:25+08:00,1,1,1,2,1,"192.168.100.9|192.168.100.1","192.168.100.176",9,4,4,0,6
2026-03-06T23:06:09+08:00,1,1,1,2,1,"192.168.100.9|192.168.100.1","192.168.100.176",13,3,4,0,6
2026-03-06T23:06:52+08:00,1,1,1,2,1,"192.168.100.9|192.168.100.1","192.168.100.176",6,4,3,0,6
2026-03-06T23:07:35+08:00,1,1,1,2,1,"192.168.100.9|192.168.100.1","192.168.100.176",3,4,3,0,6
2026-03-06T23:08:18+08:00,1,1,1,2,1,"192.168.100.9|192.168.100.1","192.168.100.176",4,4,3,0,6
2026-03-06T23:09:01+08:00,1,1,1,2,1,"192.168.100.9|192.168.100.1","192.168.100.176",9,3,3,0,6
2026-03-06T23:09:44+08:00,1,1,1,2,1,"192.168.100.9|192.168.100.1","192.168.100.176",8,4,3,0,6
2026-03-06T23:10:27+08:00,1,1,1,2,1,"192.168.100.9|192.168.100.1","192.168.100.176",9,3,3,0,6
2026-03-06T23:11:10+08:00,1,1,1,2,1,"192.168.100.9|192.168.100.1","192.168.100.176",8,4,3,0,6
2026-03-06T23:11:53+08:00,1,1,1,2,1,"192.168.100.9|192.168.100.1","192.168.100.176",6,1,3,0,6
2026-03-06T23:12:36+08:00,1,1,1,2,1,"192.168.100.9|192.168.100.1","192.168.100.176",1,4,6,0,6
2026-03-06T23:13:20+08:00,1,1,1,2,1,"192.168.100.9|192.168.100.1","192.168.100.176",6,1,3,0,6
2026-03-06T23:14:03+08:00,1,1,1,2,1,"192.168.100.9|192.168.100.1","192.168.100.176",7,4,3,0,6
2026-03-06T23:14:46+08:00,1,1,1,2,1,"192.168.100.9|192.168.100.1","192.168.100.176",16,1,4,0,6
2026-03-06T23:15:29+08:00,1,1,1,2,1,"192.168.100.9|192.168.100.1","192.168.100.176",5,4,3,0,6
2026-03-06T23:16:12+08:00,1,1,1,2,1,"192.168.100.9|192.168.100.1","192.168.100.176",3,1,3,0,6
2026-03-06T23:16:55+08:00,1,1,1,2,1,"192.168.100.9|192.168.100.1","192.168.100.176",1,4,3,0,6
2026-03-06T23:17:38+08:00,1,1,1,2,1,"192.168.100.9|192.168.100.1","192.168.100.176",3,1,3,0,6
2026-03-06T23:18:21+08:00,1,1,1,2,1,"192.168.100.9|192.168.100.1","192.168.100.176",7,4,3,0,6
2026-03-06T23:19:04+08:00,1,1,1,2,1,"192.168.100.9|192.168.100.1","192.168.100.176",5,1,3,0,6
2026-03-06T23:19:47+08:00,1,1,1,2,1,"192.168.100.9|192.168.100.1","192.168.100.176",3,4,4,0,6
2026-03-06T23:20:31+08:00,1,1,1,2,1,"192.168.100.9|192.168.100.1","192.168.100.176",4,1,3,0,6
2026-03-06T23:21:14+08:00,1,1,1,2,1,"192.168.100.9|192.168.100.1","192.168.100.176",1,4,3,0,6
2026-03-06T23:21:57+08:00,1,1,1,2,1,"192.168.100.9|192.168.100.1","192.168.100.176",15,2,4,0,6
2026-03-06T23:22:40+08:00,1,1,1,2,1,"192.168.100.9|192.168.100.1","192.168.100.176",5,4,3,0,6
2026-03-06T23:23:23+08:00,1,1,1,2,1,"192.168.100.9|192.168.100.1","192.168.100.176",9,4,3,0,6
2026-03-06T23:24:06+08:00,1,1,1,2,1,"192.168.100.9|192.168.100.1","192.168.100.176",9,4,4,0,6
2026-03-06T23:24:49+08:00,1,1,1,2,1,"192.168.100.9|192.168.100.1","192.168.100.176",8,4,3,0,6
2026-03-06T23:25:32+08:00,1,1,1,2,1,"192.168.100.9|192.168.100.1","192.168.100.176",4,4,3,0,6
2026-03-06T23:26:15+08:00,1,1,1,2,1,"192.168.100.9|192.168.100.1","192.168.100.176",9,2,3,0,6
2026-03-06T23:26:58+08:00,1,1,1,2,1,"192.168.100.9|192.168.100.1","192.168.100.176",12,4,3,0,6
2026-03-06T23:27:41+08:00,1,1,1,2,1,"192.168.100.9|192.168.100.1","192.168.100.176",6,4,5,0,6
2026-03-06T23:28:25+08:00,1,1,1,2,1,"192.168.100.9|192.168.100.1","192.168.100.176",11,4,3,0,6
2026-03-06T23:29:08+08:00,1,1,1,2,1,"192.168.100.9|192.168.100.1","192.168.100.176",11,4,4,0,6
2026-03-06T23:29:51+08:00,1,1,1,2,1,"192.168.100.9|192.168.100.1","192.168.100.176",3,3,3,0,6
2026-03-06T23:30:34+08:00,1,1,1,2,1,"192.168.100.9|192.168.100.1","192.168.100.176",8,4,3,0,6
2026-03-06T23:31:17+08:00,1,1,1,2,1,"192.168.100.9|192.168.100.1","192.168.100.176",3,1,4,0,6
2026-03-06T23:32:00+08:00,1,1,1,2,1,"192.168.100.9|192.168.100.1","192.168.100.176",9,4,3,0,6
2026-03-06T23:32:43+08:00,1,1,1,2,1,"192.168.100.9|192.168.100.1","192.168.100.176",7,3,3,0,6
2026-03-06T23:33:26+08:00,1,1,1,2,1,"192.168.100.9|192.168.100.1","192.168.100.176",11,4,4,0,6
2026-03-06T23:34:09+08:00,1,1,1,2,1,"192.168.100.9|192.168.100.1","192.168.100.176",13,3,3,0,6
2026-03-06T23:34:52+08:00,1,1,1,2,1,"192.168.100.9|192.168.100.1","192.168.100.176",7,4,3,0,6
2026-03-06T23:35:36+08:00,1,1,1,2,1,"192.168.100.9|192.168.100.1","192.168.100.176",3,1,4,0,6
2026-03-06T23:36:19+08:00,1,1,1,2,1,"192.168.100.9|192.168.100.1","192.168.100.176",5,4,3,0,6
2026-03-06T23:37:02+08:00,1,1,1,2,1,"192.168.100.9|192.168.100.1","192.168.100.176",4,1,3,0,6
2026-03-06T23:37:45+08:00,1,1,1,2,1,"192.168.100.9|192.168.100.1","192.168.100.176",11,4,3,0,6
2026-03-06T23:38:28+08:00,1,1,1,2,1,"192.168.100.9|192.168.100.1","192.168.100.176",13,1,4,0,6
2026-03-06T23:39:11+08:00,1,1,1,2,1,"192.168.100.9|192.168.100.1","192.168.100.176",14,4,3,0,6
2026-03-06T23:39:54+08:00,1,1,1,2,1,"192.168.100.9|192.168.100.1","192.168.100.176",3,1,3,0,6
2026-03-06T23:40:37+08:00,1,1,1,2,1,"192.168.100.9|192.168.100.1","192.168.100.176",9,4,4,0,6
2026-03-06T23:41:20+08:00,1,1,1,2,1,"192.168.100.9|192.168.100.1","192.168.100.176",6,1,3,0,6
2026-03-06T23:42:03+08:00,1,1,1,2,1,"192.168.100.9|192.168.100.1","192.168.100.176",1,4,3,0,6
2026-03-06T23:42:47+08:00,1,1,1,2,1,"192.168.100.9|192.168.100.1","192.168.100.176",11,1,5,0,6
2026-03-06T23:43:30+08:00,1,1,1,2,1,"192.168.100.9|192.168.100.1","192.168.100.176",2,4,3,0,6
2026-03-06T23:44:13+08:00,1,1,1,2,1,"192.168.100.9|192.168.100.1","192.168.100.176",7,2,3,0,6
2026-03-06T23:44:56+08:00,1,1,1,2,1,"192.168.100.9|192.168.100.1","192.168.100.176",8,4,3,0,6
2026-03-06T23:45:39+08:00,1,1,1,2,1,"192.168.100.9|192.168.100.1","192.168.100.176",3,4,3,0,6
2026-03-06T23:46:22+08:00,1,1,1,2,1,"192.168.100.9|192.168.100.1","192.168.100.176",7,4,3,0,6
2026-03-06T23:47:05+08:00,1,1,1,2,1,"192.168.100.9|192.168.100.1","192.168.100.176",6,2,3,0,6
2026-03-06T23:47:48+08:00,1,1,1,2,1,"192.168.100.9|192.168.100.1","192.168.100.176",8,4,4,0,6
2026-03-06T23:48:31+08:00,1,1,1,2,1,"192.168.100.9|192.168.100.1","192.168.100.176",4,2,3,0,6
2026-03-06T23:49:14+08:00,1,1,1,2,1,"192.168.100.9|192.168.100.1","192.168.100.176",3,4,3,0,6
2026-03-06T23:49:57+08:00,1,1,1,2,1,"192.168.100.9|192.168.100.1","192.168.100.176",13,4,4,0,6
2026-03-06T23:50:40+08:00,1,1,1,2,1,"192.168.100.9|192.168.100.1","192.168.100.176",4,4,4,0,6
2026-03-06T23:51:24+08:00,1,1,1,2,1,"192.168.100.9|192.168.100.1","192.168.100.176",7,4,3,0,6
2026-03-06T23:52:07+08:00,1,1,1,2,1,"192.168.100.9|192.168.100.1","192.168.100.176",10,3,3,0,6
2026-03-06T23:52:50+08:00,1,1,1,2,1,"192.168.100.9|192.168.100.1","192.168.100.176",6,4,3,0,6
2026-03-06T23:53:33+08:00,1,1,1,2,1,"192.168.100.9|192.168.100.1","192.168.100.176",4,3,3,0,6
2026-03-06T23:54:16+08:00,1,1,1,2,1,"192.168.100.9|192.168.100.1","192.168.100.176",9,4,3,0,6
2026-03-06T23:54:59+08:00,1,1,1,2,1,"192.168.100.9|192.168.100.1","192.168.100.176",13,3,3,0,6
2026-03-06T23:55:42+08:00,1,1,1,2,1,"192.168.100.9|192.168.100.1","192.168.100.176",5,4,3,0,6
2026-03-06T23:56:25+08:00,1,1,1,2,1,"192.168.100.9|192.168.100.1","192.168.100.176",9,3,3,0,6
2026-03-06T23:57:08+08:00,1,1,1,2,1,"192.168.100.9|192.168.100.1","192.168.100.176",11,4,4,0,6
2026-03-06T23:57:51+08:00,1,1,1,2,1,"192.168.100.9|192.168.100.1","192.168.100.176",5,3,3,0,6
2026-03-06T23:58:34+08:00,1,1,1,2,1,"192.168.100.9|192.168.100.1","192.168.100.176",4,4,3,0,6
2026-03-06T23:59:17+08:00,1,1,1,2,1,"192.168.100.9|192.168.100.1","192.168.100.176",5,1,6,0,6
2026-03-07T00:00:01+08:00,1,1,1,2,1,"192.168.100.9|192.168.100.1","192.168.100.176",6,4,3,0,6
2026-03-07T00:00:44+08:00,1,1,1,2,1,"192.168.100.9|192.168.100.1","192.168.100.176",9,2,3,0,6
2026-03-07T00:01:27+08:00,1,1,1,2,1,"192.168.100.9|192.168.100.1","192.168.100.176",16,4,3,0,6
2026-03-07T00:02:10+08:00,1,1,1,2,1,"192.168.100.9|192.168.100.1","192.168.100.176",7,1,3,0,6
2026-03-07T00:02:53+08:00,1,1,1,2,1,"192.168.100.9|192.168.100.1","192.168.100.176",5,4,3,0,6
2026-03-07T00:03:36+08:00,1,1,1,2,1,"192.168.100.9|192.168.100.1","192.168.100.176",5,1,3,0,6
2026-03-07T00:04:19+08:00,1,1,1,2,1,"192.168.100.9|192.168.100.1","192.168.100.176",3,4,3,0,6
2026-03-07T00:05:02+08:00,1,1,1,2,1,"192.168.100.9|192.168.100.1","192.168.100.176",3,1,3,0,6
2026-03-07T00:05:45+08:00,1,1,1,2,1,"192.168.100.9|192.168.100.1","192.168.100.176",14,4,3,0,6
2026-03-07T00:06:28+08:00,1,1,1,2,1,"192.168.100.9|192.168.100.1","192.168.100.176",8,2,5,0,6
2026-03-07T00:07:12+08:00,1,1,1,2,1,"192.168.100.9|192.168.100.1","192.168.100.176",11,4,3,0,6
2026-03-07T00:07:55+08:00,1,1,1,2,1,"192.168.100.9|192.168.100.1","192.168.100.176",9,4,3,0,6
2026-03-07T00:08:38+08:00,1,1,1,2,1,"192.168.100.9|192.168.100.1","192.168.100.176",10,4,4,0,6
2026-03-07T00:09:21+08:00,1,1,1,2,1,"192.168.100.9|192.168.100.1","192.168.100.176",8,4,3,0,6
2026-03-07T00:10:04+08:00,1,1,1,2,1,"192.168.100.9|192.168.100.1","192.168.100.176",3,3,3,0,6
2026-03-07T00:10:47+08:00,1,1,1,2,1,"192.168.100.9|192.168.100.1","192.168.100.176",7,4,3,0,6
2026-03-07T00:11:30+08:00,1,1,1,2,1,"192.168.100.9|192.168.100.1","192.168.100.176",3,1,3,0,6
2026-03-07T00:12:13+08:00,1,1,1,2,1,"192.168.100.9|192.168.100.1","192.168.100.176",8,4,3,0,6
2026-03-07T00:12:56+08:00,1,1,1,2,1,"192.168.100.9|192.168.100.1","192.168.100.176",5,1,3,0,6
2026-03-07T00:13:39+08:00,1,1,1,2,1,"192.168.100.9|192.168.100.1","192.168.100.176",6,4,3,0,6
2026-03-07T00:14:23+08:00,1,1,1,2,1,"192.168.100.9|192.168.100.1","192.168.100.176",9,1,3,0,6
2026-03-07T00:15:06+08:00,1,1,1,2,1,"192.168.100.9|192.168.100.1","192.168.100.176",7,4,3,0,6
2026-03-07T00:15:49+08:00,1,1,1,2,1,"192.168.100.9|192.168.100.1","192.168.100.176",4,1,4,0,6
2026-03-07T00:16:32+08:00,1,1,1,2,1,"192.168.100.9|192.168.100.1","192.168.100.176",3,4,3,0,6
2026-03-07T00:17:15+08:00,1,1,1,2,1,"192.168.100.9|192.168.100.1","192.168.100.176",7,1,3,0,6
2026-03-07T00:17:58+08:00,1,1,1,2,1,"192.168.100.9|192.168.100.1","192.168.100.176",12,4,4,0,6
2026-03-07T00:18:41+08:00,1,1,1,2,1,"192.168.100.9|192.168.100.1","192.168.100.176",6,2,3,0,6
2026-03-07T00:19:24+08:00,1,1,1,2,1,"192.168.100.9|192.168.100.1","192.168.100.176",5,4,3,0,6
2026-03-07T00:20:07+08:00,1,1,1,2,1,"192.168.100.9|192.168.100.1","192.168.100.176",10,2,3,0,6
2026-03-07T00:20:50+08:00,1,1,1,2,1,"192.168.100.9|192.168.100.1","192.168.100.176",3,4,3,0,6
2026-03-07T00:21:33+08:00,1,1,1,2,1,"192.168.100.9|192.168.100.1","192.168.100.176",11,2,3,0,6
2026-03-07T00:22:16+08:00,1,1,1,2,1,"192.168.100.9|192.168.100.1","192.168.100.176",4,4,4,0,6
2026-03-07T00:23:00+08:00,1,1,1,2,1,"192.168.100.9|192.168.100.1","192.168.100.176",9,2,4,0,6
2026-03-07T00:23:43+08:00,1,1,1,2,1,"192.168.100.9|192.168.100.1","192.168.100.176",4,4,3,0,6
2026-03-07T00:24:26+08:00,1,1,1,2,1,"192.168.100.9|192.168.100.1","192.168.100.176",3,2,3,0,6
2026-03-07T00:25:09+08:00,1,1,1,2,1,"192.168.100.9|192.168.100.1","192.168.100.176",7,4,4,0,6
2026-03-07T00:25:52+08:00,1,1,1,2,1,"192.168.100.9|192.168.100.1","192.168.100.176",1,2,3,0,6
2026-03-07T00:26:35+08:00,1,1,1,2,1,"192.168.100.9|192.168.100.1","192.168.100.176",3,4,3,0,6
2026-03-07T00:27:18+08:00,1,1,1,2,1,"192.168.100.9|192.168.100.1","192.168.100.176",2,2,4,0,6
2026-03-07T00:28:01+08:00,1,1,1,2,1,"192.168.100.9|192.168.100.1","192.168.100.176",5,4,3,0,6
2026-03-07T00:28:44+08:00,1,1,1,2,1,"192.168.100.9|192.168.100.1","192.168.100.176",8,4,3,0,6
2026-03-07T00:29:27+08:00,1,1,1,2,1,"192.168.100.9|192.168.100.1","192.168.100.176",12,3,3,0,6
2026-03-07T00:30:11+08:00,1,1,1,2,1,"192.168.100.9|192.168.100.1","192.168.100.176",12,4,3,0,6
2026-03-07T00:30:54+08:00,1,1,1,2,1,"192.168.100.9|192.168.100.1","192.168.100.176",8,3,3,0,6
2026-03-07T00:31:37+08:00,1,1,1,2,1,"192.168.100.9|192.168.100.1","192.168.100.176",3,4,3,0,6
2026-03-07T00:32:20+08:00,1,1,1,2,1,"192.168.100.9|192.168.100.1","192.168.100.176",5,3,4,0,6
2026-03-07T00:33:03+08:00,1,1,1,2,1,"192.168.100.9|192.168.100.1","192.168.100.176",5,4,3,0,6
2026-03-07T00:33:46+08:00,1,1,1,2,1,"192.168.100.9|192.168.100.1","192.168.100.176",12,1,3,0,6
2026-03-07T00:34:29+08:00,1,1,1,2,1,"192.168.100.9|192.168.100.1","192.168.100.176",11,4,4,0,6
2026-03-07T00:35:12+08:00,1,1,1,2,1,"192.168.100.9|192.168.100.1","192.168.100.176",16,1,3,0,6
2026-03-07T00:35:55+08:00,1,1,1,2,1,"192.168.100.9|192.168.100.1","192.168.100.176",8,4,3,0,6
2026-03-07T00:36:38+08:00,1,1,1,2,1,"192.168.100.9|192.168.100.1","192.168.100.176",3,1,4,0,6
2026-03-07T00:37:21+08:00,1,1,1,2,1,"192.168.100.9|192.168.100.1","192.168.100.176",3,4,5,0,6
2026-03-07T00:38:05+08:00,1,1,1,2,1,"192.168.100.9|192.168.100.1","192.168.100.176",6,1,3,0,6
2026-03-07T00:38:48+08:00,1,1,1,2,1,"192.168.100.9|192.168.100.1","192.168.100.176",7,4,3,0,6
2026-03-07T00:39:31+08:00,1,1,1,2,1,"192.168.100.9|192.168.100.1","192.168.100.176",9,2,3,0,6
2026-03-07T00:40:14+08:00,1,1,1,2,1,"192.168.100.9|192.168.100.1","192.168.100.176",9,4,3,0,6
2026-03-07T00:40:57+08:00,1,1,1,2,1,"192.168.100.9|192.168.100.1","192.168.100.176",9,2,3,0,6
2026-03-07T00:41:40+08:00,1,1,1,2,1,"192.168.100.9|192.168.100.1","192.168.100.176",4,4,4,0,6
2026-03-07T00:42:23+08:00,1,1,1,2,1,"192.168.100.9|192.168.100.1","192.168.100.176",4,4,3,0,6
2026-03-07T00:43:06+08:00,1,1,1,2,1,"192.168.100.9|192.168.100.1","192.168.100.176",11,3,3,0,6
2026-03-07T00:43:49+08:00,1,1,1,2,1,"192.168.100.9|192.168.100.1","192.168.100.176",9,5,4,0,6
2026-03-07T00:44:32+08:00,1,1,1,2,1,"192.168.100.9|192.168.100.1","192.168.100.176",27,3,4,0,6
2026-03-07T00:45:16+08:00,1,1,1,2,1,"192.168.100.9|192.168.100.1","192.168.100.176",20,4,3,0,6
2026-03-07T00:45:59+08:00,1,1,1,2,1,"192.168.100.9|192.168.100.1","192.168.100.176",13,3,3,0,6
2026-03-07T00:46:42+08:00,1,1,1,2,1,"192.168.100.9|192.168.100.1","192.168.100.176",8,4,3,0,6
2026-03-07T00:47:25+08:00,1,1,1,2,1,"192.168.100.9|192.168.100.1","192.168.100.176",6,1,3,0,6
2026-03-07T00:48:08+08:00,1,1,1,2,1,"192.168.100.9|192.168.100.1","192.168.100.176",5,4,3,0,6
2026-03-07T00:48:51+08:00,1,1,1,2,1,"192.168.100.9|192.168.100.1","192.168.100.176",10,1,3,0,6
2026-03-07T00:49:34+08:00,1,1,1,2,1,"192.168.100.9|192.168.100.1","192.168.100.176",5,4,3,0,6
2026-03-07T00:50:17+08:00,1,1,1,2,1,"192.168.100.9|192.168.100.1","192.168.100.176",1,2,3,0,6
2026-03-07T00:51:00+08:00,1,1,1,2,1,"192.168.100.9|192.168.100.1","192.168.100.176",12,4,4,0,6
2026-03-07T00:51:43+08:00,1,1,1,2,1,"192.168.100.9|192.168.100.1","192.168.100.176",5,4,3,0,6
2026-03-07T00:52:26+08:00,1,1,1,2,1,"192.168.100.9|192.168.100.1","192.168.100.176",8,1,3,0,6
2026-03-07T00:53:10+08:00,1,1,1,2,1,"192.168.100.9|192.168.100.1","192.168.100.176",5,4,4,0,6
2026-03-07T00:53:53+08:00,1,1,1,2,1,"192.168.100.9|192.168.100.1","192.168.100.176",3,1,3,0,6
2026-03-07T00:54:36+08:00,1,1,1,2,1,"192.168.100.9|192.168.100.1","192.168.100.176",3,4,3,0,6
2026-03-07T00:55:19+08:00,1,1,1,2,1,"192.168.100.9|192.168.100.1","192.168.100.176",5,1,3,0,6
2026-03-07T00:56:02+08:00,1,1,1,2,1,"192.168.100.9|192.168.100.1","192.168.100.176",3,4,3,0,6
2026-03-07T00:56:45+08:00,1,1,1,2,1,"192.168.100.9|192.168.100.1","192.168.100.176",9,1,3,0,6
2026-03-07T00:57:28+08:00,1,1,1,2,1,"192.168.100.9|192.168.100.1","192.168.100.176",15,4,3,0,6
2026-03-07T00:58:11+08:00,1,1,1,2,1,"192.168.100.9|192.168.100.1","192.168.100.176",10,1,3,0,6
2026-03-07T00:58:54+08:00,1,1,1,2,1,"192.168.100.9|192.168.100.1","192.168.100.176",2,4,3,0,6
2026-03-07T00:59:37+08:00,1,1,1,2,1,"192.168.100.9|192.168.100.1","192.168.100.176",3,1,3,0,6
2026-03-07T01:00:20+08:00,1,1,1,2,1,"192.168.100.9|192.168.100.1","192.168.100.176",3,4,4,0,6
2026-03-07T01:01:03+08:00,1,1,1,2,1,"192.168.100.9|192.168.100.1","192.168.100.176",6,2,4,0,6
2026-03-07T01:01:47+08:00,1,1,1,2,1,"192.168.100.9|192.168.100.1","192.168.100.176",9,4,3,0,6
2026-03-07T01:02:30+08:00,1,1,1,2,1,"192.168.100.9|192.168.100.1","192.168.100.176",23,2,4,0,6
2026-03-07T01:03:13+08:00,1,1,1,2,1,"192.168.100.9|192.168.100.1","192.168.100.176",11,4,3,0,6
2026-03-07T01:03:56+08:00,1,1,1,2,1,"192.168.100.9|192.168.100.1","192.168.100.176",5,4,3,0,6
2026-03-07T01:04:39+08:00,1,1,1,2,1,"192.168.100.9|192.168.100.1","192.168.100.176",7,4,3,0,6
2026-03-07T01:05:22+08:00,1,1,1,2,1,"192.168.100.9|192.168.100.1","192.168.100.176",4,4,3,0,6
2026-03-07T01:06:05+08:00,1,1,1,2,1,"192.168.100.9|192.168.100.1","192.168.100.176",6,3,3,0,6
2026-03-07T01:06:48+08:00,1,1,1,2,1,"192.168.100.9|192.168.100.1","192.168.100.176",13,4,3,0,6
2026-03-07T01:07:31+08:00,1,1,1,2,1,"192.168.100.9|192.168.100.1","192.168.100.176",10,3,3,0,6
2026-03-07T01:08:14+08:00,1,1,1,2,1,"192.168.100.9|192.168.100.1","192.168.100.176",15,4,3,0,6
2026-03-07T01:08:57+08:00,1,1,1,2,1,"192.168.100.9|192.168.100.1","192.168.100.176",9,1,5,0,6
2026-03-07T01:09:41+08:00,1,1,1,2,1,"192.168.100.9|192.168.100.1","192.168.100.176",3,4,4,0,6
2026-03-07T01:10:24+08:00,1,1,1,2,1,"192.168.100.9|192.168.100.1","192.168.100.176",9,1,3,0,6
2026-03-07T01:11:07+08:00,1,1,1,2,1,"192.168.100.9|192.168.100.1","192.168.100.176",5,4,3,0,6
2026-03-07T01:11:50+08:00,1,1,1,2,1,"192.168.100.9|192.168.100.1","192.168.100.176",6,1,4,0,6
2026-03-07T01:12:33+08:00,1,1,1,2,1,"192.168.100.9|192.168.100.1","192.168.100.176",7,4,3,0,6
2026-03-07T01:13:16+08:00,1,1,1,2,1,"192.168.100.9|192.168.100.1","192.168.100.176",7,4,3,0,6
2026-03-07T01:13:59+08:00,1,1,1,2,1,"192.168.100.9|192.168.100.1","192.168.100.176",17,3,4,0,6
2026-03-07T01:14:42+08:00,1,1,1,2,1,"192.168.100.9|192.168.100.1","192.168.100.176",18,4,3,0,6
2026-03-07T01:15:25+08:00,1,1,1,2,1,"192.168.100.9|192.168.100.1","192.168.100.176",17,3,3,0,6
2026-03-07T01:16:08+08:00,1,1,1,2,1,"192.168.100.9|192.168.100.1","192.168.100.176",10,4,4,0,6
2026-03-07T01:16:52+08:00,1,1,1,2,1,"192.168.100.9|192.168.100.1","192.168.100.176",4,3,4,0,6
2026-03-07T01:17:35+08:00,1,1,1,2,1,"192.168.100.9|192.168.100.1","192.168.100.176",5,4,3,0,6
2026-03-07T01:18:18+08:00,1,1,1,2,1,"192.168.100.9|192.168.100.1","192.168.100.176",13,1,3,0,6
2026-03-07T01:19:01+08:00,1,1,1,2,1,"192.168.100.9|192.168.100.1","192.168.100.176",14,4,4,0,6
2026-03-07T01:19:44+08:00,1,1,1,2,1,"192.168.100.9|192.168.100.1","192.168.100.176",5,1,3,0,6
2026-03-07T01:20:27+08:00,1,1,1,2,1,"192.168.100.9|192.168.100.1","192.168.100.176",3,4,3,0,6
2026-03-07T01:21:10+08:00,1,1,1,2,1,"192.168.100.9|192.168.100.1","192.168.100.176",5,2,4,0,6
2026-03-07T01:21:53+08:00,1,1,1,2,1,"192.168.100.9|192.168.100.1","192.168.100.176",3,4,3,0,6
2026-03-07T01:22:36+08:00,1,1,1,2,1,"192.168.100.9|192.168.100.1","192.168.100.176",1,2,3,0,6
2026-03-07T01:23:19+08:00,1,1,1,2,1,"192.168.100.9|192.168.100.1","192.168.100.176",4,4,3,0,6
2026-03-07T01:24:02+08:00,1,1,1,2,1,"192.168.100.9|192.168.100.1","192.168.100.176",7,1,3,0,6
2026-03-07T01:24:46+08:00,1,1,1,2,1,"192.168.100.9|192.168.100.1","192.168.100.176",8,4,4,0,6
2026-03-07T01:25:29+08:00,1,1,1,2,1,"192.168.100.9|192.168.100.1","192.168.100.176",8,2,3,0,6
2026-03-07T01:26:12+08:00,1,1,1,2,1,"192.168.100.9|192.168.100.1","192.168.100.176",4,4,4,0,6
2026-03-07T01:26:55+08:00,1,1,1,2,1,"192.168.100.9|192.168.100.1","192.168.100.176",3,1,3,0,6
2026-03-07T01:27:38+08:00,1,1,1,2,1,"192.168.100.9|192.168.100.1","192.168.100.176",6,4,3,0,6
2026-03-07T01:28:21+08:00,1,1,1,2,1,"192.168.100.9|192.168.100.1","192.168.100.176",10,1,4,0,6
2026-03-07T01:29:04+08:00,1,1,1,2,1,"192.168.100.9|192.168.100.1","192.168.100.176",7,4,3,0,6
2026-03-07T01:29:47+08:00,1,1,1,2,1,"192.168.100.9|192.168.100.1","192.168.100.176",11,1,3,0,6
2026-03-07T01:30:30+08:00,1,1,1,2,1,"192.168.100.9|192.168.100.1","192.168.100.176",11,4,4,0,6
2026-03-07T01:31:13+08:00,1,1,1,2,1,"192.168.100.9|192.168.100.1","192.168.100.176",7,1,3,0,6
2026-03-07T01:31:56+08:00,1,1,1,2,1,"192.168.100.9|192.168.100.1","192.168.100.176",9,4,3,0,6
2026-03-07T01:32:39+08:00,1,1,1,2,1,"192.168.100.9|192.168.100.1","192.168.100.176",5,2,4,0,6
2026-03-07T01:33:23+08:00,1,1,1,2,1,"192.168.100.9|192.168.100.1","192.168.100.176",11,4,3,0,6
2026-03-07T01:34:06+08:00,1,1,1,2,1,"192.168.100.9|192.168.100.1","192.168.100.176",5,2,3,0,6
2026-03-07T01:34:49+08:00,1,1,1,2,1,"192.168.100.9|192.168.100.1","192.168.100.176",6,4,3,0,6
2026-03-07T01:35:32+08:00,1,1,1,2,1,"192.168.100.9|192.168.100.1","192.168.100.176",10,2,4,0,6
2026-03-07T01:36:15+08:00,1,1,1,2,1,"192.168.100.9|192.168.100.1","192.168.100.176",9,3,3,0,6
2026-03-07T01:36:58+08:00,1,1,1,2,1,"192.168.100.9|192.168.100.1","192.168.100.176",11,4,3,0,6
2026-03-07T01:37:41+08:00,1,1,1,2,1,"192.168.100.9|192.168.100.1","192.168.100.176",7,3,4,0,6
2026-03-07T01:38:24+08:00,1,1,1,2,1,"192.168.100.9|192.168.100.1","192.168.100.176",6,4,3,0,6
2026-03-07T01:39:07+08:00,1,1,1,2,1,"192.168.100.9|192.168.100.1","192.168.100.176",9,1,3,0,6
2026-03-07T01:39:50+08:00,1,1,1,2,1,"192.168.100.9|192.168.100.1","192.168.100.176",7,4,4,0,6
2026-03-07T01:40:34+08:00,1,1,1,2,1,"192.168.100.9|192.168.100.1","192.168.100.176",7,2,3,0,6
2026-03-07T01:41:17+08:00,1,1,1,2,1,"192.168.100.9|192.168.100.1","192.168.100.176",14,4,3,0,6
2026-03-07T01:42:00+08:00,1,1,1,2,1,"192.168.100.9|192.168.100.1","192.168.100.176",18,4,3,0,6
2026-03-07T01:42:43+08:00,1,1,1,2,1,"192.168.100.9|192.168.100.1","192.168.100.176",3,3,3,0,6
2026-03-07T01:43:26+08:00,1,1,1,2,1,"192.168.100.9|192.168.100.1","192.168.100.176",8,4,3,0,6
2026-03-07T01:44:09+08:00,1,1,1,2,1,"192.168.100.9|192.168.100.1","192.168.100.176",6,4,3,0,6
2026-03-07T01:44:52+08:00,1,1,1,2,1,"192.168.100.9|192.168.100.1","192.168.100.176",11,2,4,0,6
2026-03-07T01:45:35+08:00,1,1,1,2,1,"192.168.100.9|192.168.100.1","192.168.100.176",10,4,3,0,6
2026-03-07T01:46:18+08:00,1,1,1,2,1,"192.168.100.9|192.168.100.1","192.168.100.176",14,2,3,0,6
2026-03-07T01:47:01+08:00,1,1,1,2,1,"192.168.100.9|192.168.100.1","192.168.100.176",8,4,4,0,6
2026-03-07T01:47:44+08:00,1,1,1,2,1,"192.168.100.9|192.168.100.1","192.168.100.176",5,2,3,0,6
2026-03-07T01:48:27+08:00,1,1,1,2,1,"192.168.100.9|192.168.100.1","192.168.100.176",6,4,4,0,6
2026-03-07T01:49:11+08:00,1,1,1,2,1,"192.168.100.9|192.168.100.1","192.168.100.176",3,4,3,0,6
2026-03-07T01:49:54+08:00,1,1,1,2,1,"192.168.100.9|192.168.100.1","192.168.100.176",4,1,3,0,6
2026-03-07T01:50:37+08:00,1,1,1,2,1,"192.168.100.9|192.168.100.1","192.168.100.176",9,4,3,0,6
2026-03-07T01:51:20+08:00,1,1,1,2,1,"192.168.100.9|192.168.100.1","192.168.100.176",5,1,3,0,6
2026-03-07T01:52:03+08:00,1,1,1,2,1,"192.168.100.9|192.168.100.1","192.168.100.176",5,4,3,0,6
2026-03-07T01:52:46+08:00,1,1,1,2,1,"192.168.100.9|192.168.100.1","192.168.100.176",10,1,3,0,6
2026-03-07T01:53:29+08:00,1,1,1,2,1,"192.168.100.9|192.168.100.1","192.168.100.176",8,4,3,0,6
2026-03-07T01:54:12+08:00,1,1,1,2,1,"192.168.100.9|192.168.100.1","192.168.100.176",5,1,4,0,6
2026-03-07T01:54:55+08:00,1,1,1,2,1,"192.168.100.9|192.168.100.1","192.168.100.176",11,4,3,0,6
2026-03-07T01:55:39+08:00,1,1,1,2,1,"192.168.100.9|192.168.100.1","192.168.100.176",6,1,4,0,6
2026-03-07T01:56:22+08:00,1,1,1,2,1,"192.168.100.9|192.168.100.1","192.168.100.176",3,4,4,0,6
